id;dob;Sex;penAge;maritalSatatus;dobPartner;sexPartner;Lop;Lpp;LppIngegaan;Wzp;WzpIngegaan;Top;topStart;topEnd
1;04/23/1909;F;65;M;06/23/1911;M;18197;12737.9;;2547.58;;4549.25;62;65
2;05/19/1923;F;65;M;07/19/1925;M;23771;16639.7;;3327.94;;5942.75;62;65
3;11/27/1921;F;65;M;01/27/1924;M;6091;4263.7;;852.74;;1522.75;62;65
4;11/22/1915;F;65;M;01/22/1918;M;22760;15932;;3186.4;;5690;62;65
5;09/09/1990;M;65;U;;F;9839;6887.3;;1377.46;;2459.75;62;65
6;08/26/1909;F;65;M;10/26/1911;M;5433;3803.1;;760.62;;1358.25;62;65
7;08/19/1955;M;65;U;;F;2114;1479.8;;295.96;;528.5;62;65
8;02/04/1954;M;65;U;;F;22842;15989.4;;3197.88;;5710.5;62;65
9;02/28/1917;F;65;M;04/28/1919;M;9192;6434.4;;1286.88;;2298;62;65
10;08/05/1971;M;65;U;;F;19207;13444.9;;2688.98;;4801.75;62;65
11;09/18/1988;F;65;U;;M;16955;11868.5;;2373.7;;4238.75;62;65
12;06/18/1977;F;65;U;;M;18668;13067.6;;2613.52;;4667;62;65
13;10/28/1908;F;65;M;12/28/1910;M;12608;8825.6;;1765.12;;3152;62;65
14;04/26/1922;F;65;M;06/26/1924;M;10902;7631.4;;1526.28;;2725.5;62;65
15;06/15/1912;F;65;M;08/15/1914;M;20842;14589.4;;2917.88;;5210.5;62;65
16;10/09/1986;M;65;U;;F;12194;8535.8;;1707.16;;3048.5;62;65
17;04/01/1988;M;65;U;;F;15418;10792.6;;2158.52;;3854.5;62;65
18;04/12/1953;F;65;M;06/12/1955;M;23788;16651.6;;3330.32;;5947;62;65
19;10/23/1955;F;65;U;;M;4810;3367;;673.4;;1202.5;62;65
20;06/06/1987;M;65;U;;F;2470;1729;;345.8;;617.5;62;65
21;12/20/1947;F;65;M;02/20/1950;M;9869;6908.3;;1381.66;;2467.25;62;65
22;01/18/1970;M;65;U;;F;2795;1956.5;;391.3;;698.75;62;65
23;07/22/1952;M;65;M;05/22/1950;F;9197;6437.9;;1287.58;;2299.25;62;65
24;11/16/1922;M;65;M;09/16/1920;F;8035;5624.5;;1124.9;;2008.75;62;65
25;07/19/1984;M;65;U;;F;22640;15848;;3169.6;;5660;62;65
26;08/24/1993;M;65;U;;F;24023;16816.1;;3363.22;;6005.75;62;65
27;10/04/1925;M;65;M;08/04/1923;F;21622;15135.4;;3027.08;;5405.5;62;65
28;05/13/1964;M;65;U;;F;20518;14362.6;;2872.52;;5129.5;62;65
29;06/26/1960;F;65;U;;M;1423;996.1;;199.22;;355.75;62;65
30;11/14/1959;F;65;U;;M;18572;13000.4;;2600.08;;4643;62;65
31;12/28/1958;F;65;U;;M;6016;4211.2;;842.24;;1504;62;65
32;06/18/1954;F;65;U;;M;10419;7293.3;;1458.66;;2604.75;62;65
33;09/01/1902;F;65;M;11/01/1904;M;14727;10308.9;;2061.78;;3681.75;62;65
34;08/18/1970;M;65;U;;F;15341;10738.7;;2147.74;;3835.25;62;65
35;01/02/1965;M;65;U;;F;12598;8818.6;;1763.72;;3149.5;62;65
36;09/05/1910;F;65;M;11/05/1912;M;4743;3320.1;;664.02;;1185.75;62;65
37;09/19/1936;F;65;M;11/19/1938;M;14622;10235.4;;2047.08;;3655.5;62;65
38;10/15/1951;M;65;M;08/15/1949;F;13608;9525.6;;1905.12;;3402;62;65
39;06/25/1989;F;65;U;;M;8993;6295.1;;1259.02;;2248.25;62;65
40;08/10/1956;M;65;U;;F;15402;10781.4;;2156.28;;3850.5;62;65
41;01/08/1902;M;65;M;11/08/1899;F;5933;4153.1;;830.62;;1483.25;62;65
42;09/01/1957;F;65;U;;M;18717;13101.9;;2620.38;;4679.25;62;65
43;06/09/1979;M;65;U;;F;9256;6479.2;;1295.84;;2314;62;65
44;10/06/1991;M;65;U;;F;1728;1209.6;;241.92;;432;62;65
45;05/02/1913;M;65;M;03/02/1911;F;4308;3015.6;;603.12;;1077;62;65
46;07/21/1941;M;65;M;05/21/1939;F;23860;16702;;3340.4;;5965;62;65
47;04/16/1944;F;65;M;06/16/1946;M;11455;8018.5;;1603.7;;2863.75;62;65
48;01/16/1947;F;65;M;03/16/1949;M;23577;16503.9;;3300.78;;5894.25;62;65
49;09/04/1993;M;65;U;;F;16696;11687.2;;2337.44;;4174;62;65
50;10/08/1919;F;65;M;12/08/1921;M;20307;14214.9;;2842.98;;5076.75;62;65
51;08/04/1983;F;65;U;;M;3103;2172.1;;434.42;;775.75;62;65
52;12/15/1983;F;65;U;;M;2459;1721.3;;344.26;;614.75;62;65
53;02/02/1934;F;65;M;04/02/1936;M;16601;11620.7;;2324.14;;4150.25;62;65
54;08/16/1908;M;65;M;06/16/1906;F;22291;15603.7;;3120.74;;5572.75;62;65
55;01/28/1953;F;65;M;03/28/1955;M;18637;13045.9;;2609.18;;4659.25;62;65
56;10/23/1969;F;65;U;;M;9256;6479.2;;1295.84;;2314;62;65
57;06/17/1907;F;65;M;08/17/1909;M;3277;2293.9;;458.78;;819.25;62;65
58;04/23/1945;F;65;M;06/23/1947;M;5817;4071.9;;814.38;;1454.25;62;65
59;03/04/1990;F;65;U;;M;9698;6788.6;;1357.72;;2424.5;62;65
60;02/08/1909;F;65;M;04/08/1911;M;18344;12840.8;;2568.16;;4586;62;65
61;11/08/1971;M;65;U;;F;15985;11189.5;;2237.9;;3996.25;62;65
62;07/13/1939;M;65;M;05/13/1937;F;19126;13388.2;;2677.64;;4781.5;62;65
63;07/27/1985;M;65;U;;F;13821;9674.7;;1934.94;;3455.25;62;65
64;12/15/1900;F;65;M;02/15/1903;M;18005;12603.5;;2520.7;;4501.25;62;65
65;01/13/1946;F;65;M;03/13/1948;M;9801;6860.7;;1372.14;;2450.25;62;65
66;10/07/1931;F;65;M;12/07/1933;M;22213;15549.1;;3109.82;;5553.25;62;65
67;04/10/1901;F;65;M;06/10/1903;M;5506;3854.2;;770.84;;1376.5;62;65
68;03/08/1931;F;65;M;05/08/1933;M;11566;8096.2;;1619.24;;2891.5;62;65
69;08/19/1918;M;65;M;06/19/1916;F;21552;15086.4;;3017.28;;5388;62;65
70;11/04/1969;F;65;U;;M;16727;11708.9;;2341.78;;4181.75;62;65
71;08/16/1975;M;65;U;;F;21651;15155.7;;3031.14;;5412.75;62;65
72;02/02/1972;M;65;U;;F;14054;9837.8;;1967.56;;3513.5;62;65
73;10/03/1951;M;65;M;08/03/1949;F;14838;10386.6;;2077.32;;3709.5;62;65
74;05/27/1992;M;65;U;;F;10860;7602;;1520.4;;2715;62;65
75;06/10/1992;M;65;U;;F;18807;13164.9;;2632.98;;4701.75;62;65
76;07/09/1986;F;65;U;;M;18723;13106.1;;2621.22;;4680.75;62;65
77;04/09/1968;F;65;U;;M;12376;8663.2;;1732.64;;3094;62;65
78;08/04/1968;F;65;U;;M;18924;13246.8;;2649.36;;4731;62;65
79;10/21/1906;F;65;M;12/21/1908;M;1799;1259.3;;251.86;;449.75;62;65
80;01/07/1913;F;65;M;03/07/1915;M;10581;7406.7;;1481.34;;2645.25;62;65
81;06/08/1948;F;65;M;08/08/1950;M;15700;10990;;2198;;3925;62;65
82;12/12/1982;M;65;U;;F;4697;3287.9;;657.58;;1174.25;62;65
83;06/05/1908;F;65;M;08/05/1910;M;12845;8991.5;;1798.3;;3211.25;62;65
84;12/18/1974;F;65;U;;M;9277;6493.9;;1298.78;;2319.25;62;65
85;08/04/1977;M;65;U;;F;20429;14300.3;;2860.06;;5107.25;62;65
86;06/21/1992;F;65;U;;M;15731;11011.7;;2202.34;;3932.75;62;65
87;11/18/1956;M;65;U;;F;19278;13494.6;;2698.92;;4819.5;62;65
88;06/09/1987;F;65;U;;M;19033;13323.1;;2664.62;;4758.25;62;65
89;06/15/1908;M;65;M;04/15/1906;F;24809;17366.3;;3473.26;;6202.25;62;65
90;05/19/1931;F;65;M;07/19/1933;M;21211;14847.7;;2969.54;;5302.75;62;65
91;09/07/1974;F;65;U;;M;24705;17293.5;;3458.7;;6176.25;62;65
92;08/22/1978;M;65;U;;F;10685;7479.5;;1495.9;;2671.25;62;65
93;10/27/1930;M;65;M;08/27/1928;F;8128;5689.6;;1137.92;;2032;62;65
94;04/26/1976;M;65;U;;F;11261;7882.7;;1576.54;;2815.25;62;65
95;04/26/1985;F;65;U;;M;3542;2479.4;;495.88;;885.5;62;65
96;09/25/1902;F;65;M;11/25/1904;M;725;507.5;;101.5;;181.25;62;65
97;08/22/1976;M;65;U;;F;1298;908.6;;181.72;;324.5;62;65
98;07/22/1914;F;65;M;09/22/1916;M;23043;16130.1;;3226.02;;5760.75;62;65
99;06/22/1965;M;65;U;;F;9203;6442.1;;1288.42;;2300.75;62;65
100;05/27/1960;F;65;U;;M;17265;12085.5;;2417.1;;4316.25;62;65
101;06/25/1962;M;65;U;;F;4542;3179.4;;635.88;;1135.5;62;65
102;04/19/1974;M;65;U;;F;20563;14394.1;;2878.82;;5140.75;62;65
103;09/09/1942;M;65;M;07/09/1940;F;519;363.3;;72.66;;129.75;62;65
104;05/12/1911;M;65;M;03/12/1909;F;13443;9410.1;;1882.02;;3360.75;62;65
105;07/01/1978;F;65;U;;M;14965;10475.5;;2095.1;;3741.25;62;65
106;11/15/1953;F;65;M;01/15/1956;M;19410;13587;;2717.4;;4852.5;62;65
107;06/06/1907;F;65;M;08/06/1909;M;16007;11204.9;;2240.98;;4001.75;62;65
108;07/17/1907;F;65;M;09/17/1909;M;16481;11536.7;;2307.34;;4120.25;62;65
109;05/26/1941;F;65;M;07/26/1943;M;20639;14447.3;;2889.46;;5159.75;62;65
110;03/09/1952;F;65;M;05/09/1954;M;18796;13157.2;;2631.44;;4699;62;65
111;07/09/1989;F;65;U;;M;4100;2870;;574;;1025;62;65
112;10/12/1988;M;65;U;;F;23333;16333.1;;3266.62;;5833.25;62;65
113;12/09/1969;M;65;U;;F;12852;8996.4;;1799.28;;3213;62;65
114;03/14/1947;M;65;M;01/14/1945;F;24984;17488.8;;3497.76;;6246;62;65
115;11/10/1958;F;65;U;;M;12547;8782.9;;1756.58;;3136.75;62;65
116;01/24/1962;F;65;U;;M;2435;1704.5;;340.9;;608.75;62;65
117;11/08/1923;M;65;M;09/08/1921;F;7718;5402.6;;1080.52;;1929.5;62;65
118;07/06/1980;F;65;U;;M;15568;10897.6;;2179.52;;3892;62;65
119;06/15/1993;M;65;U;;F;20526;14368.2;;2873.64;;5131.5;62;65
120;10/17/1968;M;65;U;;F;1108;775.6;;155.12;;277;62;65
121;03/20/1948;F;65;M;05/20/1950;M;17110;11977;;2395.4;;4277.5;62;65
122;01/08/1917;F;65;M;03/08/1919;M;12787;8950.9;;1790.18;;3196.75;62;65
123;01/04/1974;M;65;U;;F;20971;14679.7;;2935.94;;5242.75;62;65
124;02/19/1943;F;65;M;04/19/1945;M;6422;4495.4;;899.08;;1605.5;62;65
125;03/18/1924;F;65;M;05/18/1926;M;22666;15866.2;;3173.24;;5666.5;62;65
126;06/24/1942;M;65;M;04/24/1940;F;6190;4333;;866.6;;1547.5;62;65
127;04/22/1937;F;65;M;06/22/1939;M;20051;14035.7;;2807.14;;5012.75;62;65
128;10/23/1921;M;65;M;08/23/1919;F;21614;15129.8;;3025.96;;5403.5;62;65
129;04/11/1986;F;65;U;;M;10337;7235.9;;1447.18;;2584.25;62;65
130;12/28/1916;M;65;M;10/28/1914;F;17248;12073.6;;2414.72;;4312;62;65
131;02/12/1958;M;65;U;;F;24316;17021.2;;3404.24;;6079;62;65
132;04/21/1922;M;65;M;02/21/1920;F;18573;13001.1;;2600.22;;4643.25;62;65
133;11/17/1958;M;65;U;;F;3532;2472.4;;494.48;;883;62;65
134;06/23/1912;M;65;M;04/23/1910;F;3057;2139.9;;427.98;;764.25;62;65
135;07/11/1958;F;65;U;;M;18467;12926.9;;2585.38;;4616.75;62;65
136;08/15/1939;M;65;M;06/15/1937;F;6092;4264.4;;852.88;;1523;62;65
137;09/23/1947;F;65;M;11/23/1949;M;13549;9484.3;;1896.86;;3387.25;62;65
138;11/27/1969;M;65;U;;F;9186;6430.2;;1286.04;;2296.5;62;65
139;10/19/1935;M;65;M;08/19/1933;F;24326;17028.2;;3405.64;;6081.5;62;65
140;11/19/1911;M;65;M;09/19/1909;F;876;613.2;;122.64;;219;62;65
141;12/14/1919;M;65;M;10/14/1917;F;8632;6042.4;;1208.48;;2158;62;65
142;05/02/1905;F;65;M;07/02/1907;M;8821;6174.7;;1234.94;;2205.25;62;65
143;07/26/1971;F;65;U;;M;24923;17446.1;;3489.22;;6230.75;62;65
144;05/28/1969;F;65;U;;M;15956;11169.2;;2233.84;;3989;62;65
145;09/02/1936;F;65;M;11/02/1938;M;13838;9686.6;;1937.32;;3459.5;62;65
146;06/18/1939;F;65;M;08/18/1941;M;10161;7112.7;;1422.54;;2540.25;62;65
147;02/17/1983;F;65;U;;M;24753;17327.1;;3465.42;;6188.25;62;65
148;11/09/1938;F;65;M;01/09/1941;M;21157;14809.9;;2961.98;;5289.25;62;65
149;08/27/1953;F;65;M;10/27/1955;M;24616;17231.2;;3446.24;;6154;62;65
150;05/22/1943;M;65;M;03/22/1941;F;16623;11636.1;;2327.22;;4155.75;62;65
151;02/26/1931;F;65;M;04/26/1933;M;3894;2725.8;;545.16;;973.5;62;65
152;03/22/1922;F;65;M;05/22/1924;M;23872;16710.4;;3342.08;;5968;62;65
153;08/07/1900;F;65;M;10/07/1902;M;24815;17370.5;;3474.1;;6203.75;62;65
154;04/01/1913;M;65;M;02/01/1911;F;11116;7781.2;;1556.24;;2779;62;65
155;12/10/1987;F;65;U;;M;7580;5306;;1061.2;;1895;62;65
156;02/22/1937;F;65;M;04/22/1939;M;6036;4225.2;;845.04;;1509;62;65
157;04/01/1951;M;65;M;02/01/1949;F;19726;13808.2;;2761.64;;4931.5;62;65
158;12/14/1963;F;65;U;;M;2981;2086.7;;417.34;;745.25;62;65
159;08/22/1969;F;65;U;;M;18140;12698;;2539.6;;4535;62;65
160;04/20/1946;F;65;M;06/20/1948;M;16293;11405.1;;2281.02;;4073.25;62;65
161;07/11/1913;M;65;M;05/11/1911;F;7807;5464.9;;1092.98;;1951.75;62;65
162;02/20/1982;M;65;U;;F;12441;8708.7;;1741.74;;3110.25;62;65
163;02/22/1907;M;65;M;12/22/1904;F;7158;5010.6;;1002.12;;1789.5;62;65
164;12/19/1930;F;65;M;02/19/1933;M;8389;5872.3;;1174.46;;2097.25;62;65
165;12/04/1917;F;65;M;02/04/1920;M;18424;12896.8;;2579.36;;4606;62;65
166;09/18/1908;F;65;M;11/18/1910;M;6217;4351.9;;870.38;;1554.25;62;65
167;12/10/1944;M;65;M;10/10/1942;F;22150;15505;;3101;;5537.5;62;65
168;01/12/1908;M;65;M;11/12/1905;F;21572;15100.4;;3020.08;;5393;62;65
169;05/08/1986;M;65;U;;F;4997;3497.9;;699.58;;1249.25;62;65
170;10/07/1979;M;65;U;;F;11361;7952.7;;1590.54;;2840.25;62;65
171;06/12/1900;M;65;M;04/12/1898;F;4657;3259.9;;651.98;;1164.25;62;65
172;05/07/1947;F;65;M;07/07/1949;M;23312;16318.4;;3263.68;;5828;62;65
173;12/07/1987;M;65;U;;F;2089;1462.3;;292.46;;522.25;62;65
174;12/10/1925;M;65;M;10/10/1923;F;3375;2362.5;;472.5;;843.75;62;65
175;02/28/1946;F;65;M;04/28/1948;M;7469;5228.3;;1045.66;;1867.25;62;65
176;04/07/1933;M;65;M;02/07/1931;F;9594;6715.8;;1343.16;;2398.5;62;65
177;09/08/1905;F;65;M;11/08/1907;M;11554;8087.8;;1617.56;;2888.5;62;65
178;05/10/1949;M;65;M;03/10/1947;F;12026;8418.2;;1683.64;;3006.5;62;65
179;06/07/1969;M;65;U;;F;9740;6818;;1363.6;;2435;62;65
180;11/21/1923;F;65;M;01/21/1926;M;23683;16578.1;;3315.62;;5920.75;62;65
181;12/19/1971;F;65;U;;M;729;510.3;;102.06;;182.25;62;65
182;08/17/1967;F;65;U;;M;13378;9364.6;;1872.92;;3344.5;62;65
183;06/07/1978;M;65;U;;F;15837;11085.9;;2217.18;;3959.25;62;65
184;10/08/1989;F;65;U;;M;16061;11242.7;;2248.54;;4015.25;62;65
185;02/02/1959;F;65;U;;M;17611;12327.7;;2465.54;;4402.75;62;65
186;10/22/1925;F;65;M;12/22/1927;M;13988;9791.6;;1958.32;;3497;62;65
187;05/12/1957;M;65;U;;F;17691;12383.7;;2476.74;;4422.75;62;65
188;11/04/1969;F;65;U;;M;20295;14206.5;;2841.3;;5073.75;62;65
189;10/27/1921;F;65;M;12/27/1923;M;16541;11578.7;;2315.74;;4135.25;62;65
190;04/10/1985;M;65;U;;F;1628;1139.6;;227.92;;407;62;65
191;02/07/1995;M;65;U;;F;5818;4072.6;;814.52;;1454.5;62;65
192;12/24/1919;M;65;M;10/24/1917;F;3307;2314.9;;462.98;;826.75;62;65
193;10/15/1931;F;65;M;12/15/1933;M;8534;5973.8;;1194.76;;2133.5;62;65
194;12/16/1932;M;65;M;10/16/1930;F;18647;13052.9;;2610.58;;4661.75;62;65
195;01/05/1962;M;65;U;;F;21823;15276.1;;3055.22;;5455.75;62;65
196;05/12/1911;F;65;M;07/12/1913;M;5246;3672.2;;734.44;;1311.5;62;65
197;03/02/1930;M;65;M;01/02/1928;F;9565;6695.5;;1339.1;;2391.25;62;65
198;07/13/1908;M;65;M;05/13/1906;F;20049;14034.3;;2806.86;;5012.25;62;65
199;02/03/1949;F;65;M;04/03/1951;M;6954;4867.8;;973.56;;1738.5;62;65
200;04/18/1906;F;65;M;06/18/1908;M;4575;3202.5;;640.5;;1143.75;62;65
201;07/07/1994;M;65;U;;F;11876;8313.2;;1662.64;;2969;62;65
202;09/01/1959;F;65;U;;M;15748;11023.6;;2204.72;;3937;62;65
203;06/18/1938;M;65;M;04/18/1936;F;19392;13574.4;;2714.88;;4848;62;65
204;12/04/1952;F;65;M;02/04/1955;M;3316;2321.2;;464.24;;829;62;65
205;01/13/1978;M;65;U;;F;7794;5455.8;;1091.16;;1948.5;62;65
206;07/01/1978;F;65;U;;M;14806;10364.2;;2072.84;;3701.5;62;65
207;02/02/1965;F;65;U;;M;16480;11536;;2307.2;;4120;62;65
208;05/07/1971;M;65;U;;F;18918;13242.6;;2648.52;;4729.5;62;65
209;04/26/1968;M;65;U;;F;15812;11068.4;;2213.68;;3953;62;65
210;02/10/1926;F;65;M;04/10/1928;M;12883;9018.1;;1803.62;;3220.75;62;65
211;06/10/1913;M;65;M;04/10/1911;F;580;406;;81.2;;145;62;65
212;09/13/1938;F;65;M;11/13/1940;M;8012;5608.4;;1121.68;;2003;62;65
213;06/16/1910;M;65;M;04/16/1908;F;17661;12362.7;;2472.54;;4415.25;62;65
214;09/20/1937;F;65;M;11/20/1939;M;4352;3046.4;;609.28;;1088;62;65
215;05/09/1920;M;65;M;03/09/1918;F;20395;14276.5;;2855.3;;5098.75;62;65
216;06/07/1993;M;65;U;;F;24577;17203.9;;3440.78;;6144.25;62;65
217;06/11/1915;M;65;M;04/11/1913;F;24028;16819.6;;3363.92;;6007;62;65
218;05/04/1935;F;65;M;07/04/1937;M;9427;6598.9;;1319.78;;2356.75;62;65
219;12/21/1911;M;65;M;10/21/1909;F;17507;12254.9;;2450.98;;4376.75;62;65
220;12/28/1941;F;65;M;02/28/1944;M;23747;16622.9;;3324.58;;5936.75;62;65
221;12/07/1910;F;65;M;02/07/1913;M;14505;10153.5;;2030.7;;3626.25;62;65
222;07/17/1983;F;65;U;;M;23358;16350.6;;3270.12;;5839.5;62;65
223;12/15/1969;F;65;U;;M;5180;3626;;725.2;;1295;62;65
224;05/20/1958;F;65;U;;M;9264;6484.8;;1296.96;;2316;62;65
225;02/28/1963;F;65;U;;M;8787;6150.9;;1230.18;;2196.75;62;65
226;03/05/1923;F;65;M;05/05/1925;M;6394;4475.8;;895.16;;1598.5;62;65
227;12/19/1923;F;65;M;02/19/1926;M;15725;11007.5;;2201.5;;3931.25;62;65
228;04/01/1958;F;65;U;;M;18462;12923.4;;2584.68;;4615.5;62;65
229;05/16/1909;M;65;M;03/16/1907;F;4767;3336.9;;667.38;;1191.75;62;65
230;02/01/1954;M;65;U;;F;17911;12537.7;;2507.54;;4477.75;62;65
231;10/24/1988;M;65;U;;F;11502;8051.4;;1610.28;;2875.5;62;65
232;08/19/1946;F;65;M;10/19/1948;M;4935;3454.5;;690.9;;1233.75;62;65
233;10/24/1978;F;65;U;;M;7494;5245.8;;1049.16;;1873.5;62;65
234;03/23/1930;F;65;M;05/23/1932;M;22321;15624.7;;3124.94;;5580.25;62;65
235;05/27/1927;F;65;M;07/27/1929;M;16827;11778.9;;2355.78;;4206.75;62;65
236;06/21/1953;F;65;M;08/21/1955;M;15374;10761.8;;2152.36;;3843.5;62;65
237;04/03/1908;F;65;M;06/03/1910;M;20298;14208.6;;2841.72;;5074.5;62;65
238;11/10/1917;M;65;M;09/10/1915;F;3847;2692.9;;538.58;;961.75;62;65
239;05/22/1956;F;65;U;;M;1561;1092.7;;218.54;;390.25;62;65
240;11/22/1907;M;65;M;09/22/1905;F;12952;9066.4;;1813.28;;3238;62;65
241;05/23/1930;M;65;M;03/23/1928;F;19861;13902.7;;2780.54;;4965.25;62;65
242;02/01/1982;F;65;U;;M;24110;16877;;3375.4;;6027.5;62;65
243;06/20/1907;M;65;M;04/20/1905;F;11892;8324.4;;1664.88;;2973;62;65
244;09/09/1909;M;65;M;07/09/1907;F;9622;6735.4;;1347.08;;2405.5;62;65
245;02/23/1976;F;65;U;;M;14181;9926.7;;1985.34;;3545.25;62;65
246;01/23/1930;M;65;M;11/23/1927;F;9552;6686.4;;1337.28;;2388;62;65
247;01/18/1903;M;65;M;11/18/1900;F;2272;1590.4;;318.08;;568;62;65
248;08/14/1963;M;65;U;;F;3260;2282;;456.4;;815;62;65
249;04/15/1903;M;65;M;02/15/1901;F;20414;14289.8;;2857.96;;5103.5;62;65
250;01/22/1938;F;65;M;03/22/1940;M;5679;3975.3;;795.06;;1419.75;62;65
251;07/19/1929;M;65;M;05/19/1927;F;6813;4769.1;;953.82;;1703.25;62;65
252;07/04/1961;M;65;U;;F;12591;8813.7;;1762.74;;3147.75;62;65
253;06/02/1987;M;65;U;;F;21596;15117.2;;3023.44;;5399;62;65
254;10/05/1980;F;65;U;;M;1576;1103.2;;220.64;;394;62;65
255;04/12/1925;F;65;M;06/12/1927;M;1754;1227.8;;245.56;;438.5;62;65
256;12/09/1929;F;65;M;02/09/1932;M;11824;8276.8;;1655.36;;2956;62;65
257;12/15/1947;F;65;M;02/15/1950;M;21794;15255.8;;3051.16;;5448.5;62;65
258;10/04/1906;F;65;M;12/04/1908;M;22984;16088.8;;3217.76;;5746;62;65
259;11/01/1958;F;65;U;;M;4587;3210.9;;642.18;;1146.75;62;65
260;09/22/1916;M;65;M;07/22/1914;F;20340;14238;;2847.6;;5085;62;65
261;10/23/1963;F;65;U;;M;11977;8383.9;;1676.78;;2994.25;62;65
262;11/14/1939;M;65;M;09/14/1937;F;21125;14787.5;;2957.5;;5281.25;62;65
263;08/17/1980;F;65;U;;M;7419;5193.3;;1038.66;;1854.75;62;65
264;02/03/1937;F;65;M;04/03/1939;M;19064;13344.8;;2668.96;;4766;62;65
265;12/04/1960;M;65;U;;F;16845;11791.5;;2358.3;;4211.25;62;65
266;11/12/1968;F;65;U;;M;1103;772.1;;154.42;;275.75;62;65
267;08/08/1937;M;65;M;06/08/1935;F;17334;12133.8;;2426.76;;4333.5;62;65
268;12/07/1919;F;65;M;02/07/1922;M;6070;4249;;849.8;;1517.5;62;65
269;02/23/1964;F;65;U;;M;1520;1064;;212.8;;380;62;65
270;02/15/1922;F;65;M;04/15/1924;M;21438;15006.6;;3001.32;;5359.5;62;65
271;07/24/1911;F;65;M;09/24/1913;M;3535;2474.5;;494.9;;883.75;62;65
272;01/20/1966;F;65;U;;M;16073;11251.1;;2250.22;;4018.25;62;65
273;07/28/1983;M;65;U;;F;12544;8780.8;;1756.16;;3136;62;65
274;09/09/1965;M;65;U;;F;19580;13706;;2741.2;;4895;62;65
275;03/02/1924;M;65;M;01/02/1922;F;5072;3550.4;;710.08;;1268;62;65
276;08/01/1954;F;65;U;;M;1851;1295.7;;259.14;;462.75;62;65
277;12/27/1916;M;65;M;10/27/1914;F;21979;15385.3;;3077.06;;5494.75;62;65
278;02/07/1939;M;65;M;12/07/1936;F;2685;1879.5;;375.9;;671.25;62;65
279;01/18/1959;F;65;U;;M;14357;10049.9;;2009.98;;3589.25;62;65
280;10/10/1925;F;65;M;12/10/1927;M;2656;1859.2;;371.84;;664;62;65
281;09/10/1937;M;65;M;07/10/1935;F;19290;13503;;2700.6;;4822.5;62;65
282;07/05/1984;M;65;U;;F;24416;17091.2;;3418.24;;6104;62;65
283;07/22/1916;F;65;M;09/22/1918;M;4151;2905.7;;581.14;;1037.75;62;65
284;08/17/1915;M;65;M;06/17/1913;F;11175;7822.5;;1564.5;;2793.75;62;65
285;04/18/1942;M;65;M;02/18/1940;F;11448;8013.6;;1602.72;;2862;62;65
286;02/03/1987;F;65;U;;M;14064;9844.8;;1968.96;;3516;62;65
287;02/15/1918;F;65;M;04/15/1920;M;5346;3742.2;;748.44;;1336.5;62;65
288;09/16/1991;F;65;U;;M;813;569.1;;113.82;;203.25;62;65
289;06/23/1904;F;65;M;08/23/1906;M;12693;8885.1;;1777.02;;3173.25;62;65
290;05/16/1901;M;65;M;03/16/1899;F;7783;5448.1;;1089.62;;1945.75;62;65
291;07/26/1909;F;65;M;09/26/1911;M;23992;16794.4;;3358.88;;5998;62;65
292;12/11/1919;M;65;M;10/11/1917;F;12156;8509.2;;1701.84;;3039;62;65
293;09/11/1954;M;65;U;;F;17172;12020.4;;2404.08;;4293;62;65
294;07/09/1954;F;65;U;;M;7597;5317.9;;1063.58;;1899.25;62;65
295;06/18/1962;F;65;U;;M;518;362.6;;72.52;;129.5;62;65
296;08/26/1948;F;65;M;10/26/1950;M;3097;2167.9;;433.58;;774.25;62;65
297;04/17/1918;M;65;M;02/17/1916;F;13817;9671.9;;1934.38;;3454.25;62;65
298;09/04/1943;F;65;M;11/04/1945;M;5792;4054.4;;810.88;;1448;62;65
299;04/05/1973;F;65;U;;M;12737;8915.9;;1783.18;;3184.25;62;65
300;03/12/1962;F;65;U;;M;11956;8369.2;;1673.84;;2989;62;65
301;07/02/1986;M;65;U;;F;9061;6342.7;;1268.54;;2265.25;62;65
302;11/28/1907;M;65;M;09/28/1905;F;13951;9765.7;;1953.14;;3487.75;62;65
303;04/02/1925;M;65;M;02/02/1923;F;16212;11348.4;;2269.68;;4053;62;65
304;04/04/1951;F;65;M;06/04/1953;M;12010;8407;;1681.4;;3002.5;62;65
305;11/22/1984;M;65;U;;F;16068;11247.6;;2249.52;;4017;62;65
306;03/14/1946;F;65;M;05/14/1948;M;21759;15231.3;;3046.26;;5439.75;62;65
307;12/05/1987;M;65;U;;F;1154;807.8;;161.56;;288.5;62;65
308;11/03/1904;M;65;M;09/03/1902;F;8846;6192.2;;1238.44;;2211.5;62;65
309;05/06/1960;F;65;U;;M;21775;15242.5;;3048.5;;5443.75;62;65
310;11/06/1965;F;65;U;;M;18665;13065.5;;2613.1;;4666.25;62;65
311;01/22/1912;M;65;M;11/22/1909;F;2623;1836.1;;367.22;;655.75;62;65
312;05/22/1957;M;65;U;;F;7667;5366.9;;1073.38;;1916.75;62;65
313;09/25/1994;F;65;U;;M;5055;3538.5;;707.7;;1263.75;62;65
314;10/05/1936;F;65;M;12/05/1938;M;22358;15650.6;;3130.12;;5589.5;62;65
315;07/05/1930;M;65;M;05/05/1928;F;4899;3429.3;;685.86;;1224.75;62;65
316;09/27/1907;F;65;M;11/27/1909;M;9511;6657.7;;1331.54;;2377.75;62;65
317;01/01/1936;F;65;M;03/01/1938;M;6423;4496.1;;899.22;;1605.75;62;65
318;11/26/1938;F;65;M;01/26/1941;M;4551;3185.7;;637.14;;1137.75;62;65
319;02/17/1972;M;65;U;;F;24357;17049.9;;3409.98;;6089.25;62;65
320;12/19/1937;M;65;M;10/19/1935;F;1995;1396.5;;279.3;;498.75;62;65
321;05/06/1945;M;65;M;03/06/1943;F;17750;12425;;2485;;4437.5;62;65
322;09/16/1946;F;65;M;11/16/1948;M;9196;6437.2;;1287.44;;2299;62;65
323;06/16/1953;M;65;M;04/16/1951;F;14657;10259.9;;2051.98;;3664.25;62;65
324;07/03/1935;F;65;M;09/03/1937;M;3112;2178.4;;435.68;;778;62;65
325;01/13/1964;F;65;U;;M;11977;8383.9;;1676.78;;2994.25;62;65
326;11/13/1901;M;65;M;09/13/1899;F;1298;908.6;;181.72;;324.5;62;65
327;11/23/1988;M;65;U;;F;18159;12711.3;;2542.26;;4539.75;62;65
328;08/10/1929;M;65;M;06/10/1927;F;11467;8026.9;;1605.38;;2866.75;62;65
329;03/18/1932;F;65;M;05/18/1934;M;9791;6853.7;;1370.74;;2447.75;62;65
330;02/22/1987;M;65;U;;F;9976;6983.2;;1396.64;;2494;62;65
331;04/08/1963;F;65;U;;M;15446;10812.2;;2162.44;;3861.5;62;65
332;07/05/1991;F;65;U;;M;19723;13806.1;;2761.22;;4930.75;62;65
333;08/21/1902;M;65;M;06/21/1900;F;966;676.2;;135.24;;241.5;62;65
334;06/18/1950;M;65;M;04/18/1948;F;19932;13952.4;;2790.48;;4983;62;65
335;09/13/1903;M;65;M;07/13/1901;F;18269;12788.3;;2557.66;;4567.25;62;65
336;03/14/1924;M;65;M;01/14/1922;F;15876;11113.2;;2222.64;;3969;62;65
337;11/19/1935;F;65;M;01/19/1938;M;2345;1641.5;;328.3;;586.25;62;65
338;09/06/1976;F;65;U;;M;16492;11544.4;;2308.88;;4123;62;65
339;09/07/1962;F;65;U;;M;17483;12238.1;;2447.62;;4370.75;62;65
340;11/24/1985;M;65;U;;F;19403;13582.1;;2716.42;;4850.75;62;65
341;07/13/1995;F;65;U;;M;13646;9552.2;;1910.44;;3411.5;62;65
342;08/28/1949;M;65;M;06/28/1947;F;5104;3572.8;;714.56;;1276;62;65
343;04/18/1949;M;65;M;02/18/1947;F;3678;2574.6;;514.92;;919.5;62;65
344;02/15/1951;F;65;M;04/15/1953;M;3450;2415;;483;;862.5;62;65
345;04/28/1981;F;65;U;;M;1934;1353.8;;270.76;;483.5;62;65
346;07/27/1907;M;65;M;05/27/1905;F;9732;6812.4;;1362.48;;2433;62;65
347;05/08/1928;M;65;M;03/08/1926;F;11464;8024.8;;1604.96;;2866;62;65
348;12/19/1957;F;65;U;;M;6330;4431;;886.2;;1582.5;62;65
349;04/26/1955;F;65;U;;M;7272;5090.4;;1018.08;;1818;62;65
350;11/09/1952;F;65;M;01/09/1955;M;24102;16871.4;;3374.28;;6025.5;62;65
351;05/10/1987;M;65;U;;F;21540;15078;;3015.6;;5385;62;65
352;12/18/1958;F;65;U;;M;24214;16949.8;;3389.96;;6053.5;62;65
353;10/15/1919;M;65;M;08/15/1917;F;23685;16579.5;;3315.9;;5921.25;62;65
354;02/10/1951;M;65;M;12/10/1948;F;22164;15514.8;;3102.96;;5541;62;65
355;11/28/1961;F;65;U;;M;3690;2583;;516.6;;922.5;62;65
356;01/24/1955;M;65;U;;F;14283;9998.1;;1999.62;;3570.75;62;65
357;05/25/1954;M;65;U;;F;14241;9968.7;;1993.74;;3560.25;62;65
358;05/24/1907;M;65;M;03/24/1905;F;13115;9180.5;;1836.1;;3278.75;62;65
359;06/15/1968;F;65;U;;M;3681;2576.7;;515.34;;920.25;62;65
360;05/16/1935;M;65;M;03/16/1933;F;9150;6405;;1281;;2287.5;62;65
361;06/06/1986;F;65;U;;M;2402;1681.4;;336.28;;600.5;62;65
362;04/14/1974;M;65;U;;F;3784;2648.8;;529.76;;946;62;65
363;01/21/1959;F;65;U;;M;17210;12047;;2409.4;;4302.5;62;65
364;03/23/1969;M;65;U;;F;7850;5495;;1099;;1962.5;62;65
365;04/28/1961;F;65;U;;M;22684;15878.8;;3175.76;;5671;62;65
366;02/22/1911;M;65;M;12/22/1908;F;18906;13234.2;;2646.84;;4726.5;62;65
367;08/20/1976;M;65;U;;F;11747;8222.9;;1644.58;;2936.75;62;65
368;02/04/1922;F;65;M;04/04/1924;M;16107;11274.9;;2254.98;;4026.75;62;65
369;02/06/1954;M;65;U;;F;12602;8821.4;;1764.28;;3150.5;62;65
370;08/06/1912;M;65;M;06/06/1910;F;10293;7205.1;;1441.02;;2573.25;62;65
371;04/21/1947;F;65;M;06/21/1949;M;5477;3833.9;;766.78;;1369.25;62;65
372;02/03/1989;M;65;U;;F;17317;12121.9;;2424.38;;4329.25;62;65
373;05/15/1989;M;65;U;;F;3140;2198;;439.6;;785;62;65
374;07/05/1969;M;65;U;;F;20525;14367.5;;2873.5;;5131.25;62;65
375;01/27/1914;F;65;M;03/27/1916;M;18814;13169.8;;2633.96;;4703.5;62;65
376;01/01/1943;M;65;M;11/01/1940;F;1616;1131.2;;226.24;;404;62;65
377;03/27/1908;M;65;M;01/27/1906;F;17698;12388.6;;2477.72;;4424.5;62;65
378;05/21/1931;M;65;M;03/21/1929;F;23145;16201.5;;3240.3;;5786.25;62;65
379;12/03/1906;M;65;M;10/03/1904;F;23012;16108.4;;3221.68;;5753;62;65
380;08/25/1995;F;65;U;;M;12800;8960;;1792;;3200;62;65
381;10/13/1953;M;65;M;08/13/1951;F;17062;11943.4;;2388.68;;4265.5;62;65
382;02/18/1947;M;65;M;12/18/1944;F;12449;8714.3;;1742.86;;3112.25;62;65
383;05/11/1978;F;65;U;;M;24891;17423.7;;3484.74;;6222.75;62;65
384;08/19/1988;M;65;U;;F;13415;9390.5;;1878.1;;3353.75;62;65
385;02/16/1970;F;65;U;;M;708;495.6;;99.12;;177;62;65
386;05/07/1932;F;65;M;07/07/1934;M;24906;17434.2;;3486.84;;6226.5;62;65
387;02/07/1912;M;65;M;12/07/1909;F;19614;13729.8;;2745.96;;4903.5;62;65
388;10/17/1908;F;65;M;12/17/1910;M;4328;3029.6;;605.92;;1082;62;65
389;07/04/1955;M;65;U;;F;11029;7720.3;;1544.06;;2757.25;62;65
390;12/14/1945;M;65;M;10/14/1943;F;4580;3206;;641.2;;1145;62;65
391;04/11/1975;F;65;U;;M;8234;5763.8;;1152.76;;2058.5;62;65
392;01/22/1969;M;65;U;;F;5747;4022.9;;804.58;;1436.75;62;65
393;11/05/1902;M;65;M;09/05/1900;F;21587;15110.9;;3022.18;;5396.75;62;65
394;04/02/1940;M;65;M;02/02/1938;F;11818;8272.6;;1654.52;;2954.5;62;65
395;05/19/1970;F;65;U;;M;7586;5310.2;;1062.04;;1896.5;62;65
396;02/06/1920;M;65;M;12/06/1917;F;15892;11124.4;;2224.88;;3973;62;65
397;04/22/1991;M;65;U;;F;10382;7267.4;;1453.48;;2595.5;62;65
398;06/22/1966;F;65;U;;M;8356;5849.2;;1169.84;;2089;62;65
399;08/03/1919;F;65;M;10/03/1921;M;8974;6281.8;;1256.36;;2243.5;62;65
400;03/11/1942;F;65;M;05/11/1944;M;11496;8047.2;;1609.44;;2874;62;65
401;01/05/1915;F;65;M;03/05/1917;M;24597;17217.9;;3443.58;;6149.25;62;65
402;08/07/1926;F;65;M;10/07/1928;M;12586;8810.2;;1762.04;;3146.5;62;65
403;06/12/1995;F;65;U;;M;2209;1546.3;;309.26;;552.25;62;65
404;04/11/1907;F;65;M;06/11/1909;M;12423;8696.1;;1739.22;;3105.75;62;65
405;09/21/1958;M;65;U;;F;19109;13376.3;;2675.26;;4777.25;62;65
406;03/17/1920;F;65;M;05/17/1922;M;20725;14507.5;;2901.5;;5181.25;62;65
407;05/26/1905;F;65;M;07/26/1907;M;21126;14788.2;;2957.64;;5281.5;62;65
408;09/23/1995;M;65;U;;F;22730;15911;;3182.2;;5682.5;62;65
409;08/01/1990;M;65;U;;F;8156;5709.2;;1141.84;;2039;62;65
410;07/26/1953;F;65;M;09/26/1955;M;18833;13183.1;;2636.62;;4708.25;62;65
411;01/13/1913;M;65;M;11/13/1910;F;2065;1445.5;;289.1;;516.25;62;65
412;11/09/1920;F;65;M;01/09/1923;M;1652;1156.4;;231.28;;413;62;65
413;10/14/1967;M;65;U;;F;14530;10171;;2034.2;;3632.5;62;65
414;08/03/1978;M;65;U;;F;18516;12961.2;;2592.24;;4629;62;65
415;12/28/1941;F;65;M;02/28/1944;M;23131;16191.7;;3238.34;;5782.75;62;65
416;08/27/1953;F;65;M;10/27/1955;M;17259;12081.3;;2416.26;;4314.75;62;65
417;02/18/1971;M;65;U;;F;22353;15647.1;;3129.42;;5588.25;62;65
418;12/19/1911;F;65;M;02/19/1914;M;4080;2856;;571.2;;1020;62;65
419;01/18/1940;F;65;M;03/18/1942;M;11130;7791;;1558.2;;2782.5;62;65
420;09/18/1904;F;65;M;11/18/1906;M;14057;9839.9;;1967.98;;3514.25;62;65
421;01/28/1914;F;65;M;03/28/1916;M;1490;1043;;208.6;;372.5;62;65
422;05/18/1934;M;65;M;03/18/1932;F;10806;7564.2;;1512.84;;2701.5;62;65
423;01/22/1927;M;65;M;11/22/1924;F;19850;13895;;2779;;4962.5;62;65
424;09/06/1929;F;65;M;11/06/1931;M;10917;7641.9;;1528.38;;2729.25;62;65
425;08/04/1944;M;65;M;06/04/1942;F;14965;10475.5;;2095.1;;3741.25;62;65
426;08/25/1928;M;65;M;06/25/1926;F;23079;16155.3;;3231.06;;5769.75;62;65
427;02/22/1945;M;65;M;12/22/1942;F;14405;10083.5;;2016.7;;3601.25;62;65
428;12/11/1983;F;65;U;;M;3318;2322.6;;464.52;;829.5;62;65
429;02/21/1969;M;65;U;;F;19366;13556.2;;2711.24;;4841.5;62;65
430;02/23/1974;F;65;U;;M;9212;6448.4;;1289.68;;2303;62;65
431;11/16/1916;F;65;M;01/16/1919;M;18365;12855.5;;2571.1;;4591.25;62;65
432;04/08/1918;F;65;M;06/08/1920;M;21249;14874.3;;2974.86;;5312.25;62;65
433;07/13/1904;F;65;M;09/13/1906;M;3259;2281.3;;456.26;;814.75;62;65
434;09/07/1948;F;65;M;11/07/1950;M;22866;16006.2;;3201.24;;5716.5;62;65
435;06/27/1956;F;65;U;;M;5332;3732.4;;746.48;;1333;62;65
436;02/27/1927;F;65;M;04/27/1929;M;15048;10533.6;;2106.72;;3762;62;65
437;07/18/1925;F;65;M;09/18/1927;M;23237;16265.9;;3253.18;;5809.25;62;65
438;10/26/1904;F;65;M;12/26/1906;M;18671;13069.7;;2613.94;;4667.75;62;65
439;02/16/1966;F;65;U;;M;17874;12511.8;;2502.36;;4468.5;62;65
440;03/06/1975;F;65;U;;M;17549;12284.3;;2456.86;;4387.25;62;65
441;07/05/1951;F;65;M;09/05/1953;M;6297;4407.9;;881.58;;1574.25;62;65
442;10/25/1949;F;65;M;12/25/1951;M;20824;14576.8;;2915.36;;5206;62;65
443;11/21/1928;M;65;M;09/21/1926;F;15816;11071.2;;2214.24;;3954;62;65
444;02/19/1935;M;65;M;12/19/1932;F;11400;7980;;1596;;2850;62;65
445;02/28/1943;F;65;M;04/28/1945;M;14203;9942.1;;1988.42;;3550.75;62;65
446;05/17/1937;F;65;M;07/17/1939;M;9520;6664;;1332.8;;2380;62;65
447;10/22/1974;M;65;U;;F;8664;6064.8;;1212.96;;2166;62;65
448;04/02/1990;M;65;U;;F;2613;1829.1;;365.82;;653.25;62;65
449;10/02/1940;F;65;M;12/02/1942;M;19432;13602.4;;2720.48;;4858;62;65
450;01/18/1951;F;65;M;03/18/1953;M;20249;14174.3;;2834.86;;5062.25;62;65
451;12/01/1972;M;65;U;;F;20530;14371;;2874.2;;5132.5;62;65
452;04/15/1991;F;65;U;;M;18823;13176.1;;2635.22;;4705.75;62;65
453;10/07/1918;M;65;M;08/07/1916;F;22619;15833.3;;3166.66;;5654.75;62;65
454;10/11/1976;F;65;U;;M;12464;8724.8;;1744.96;;3116;62;65
455;02/19/1919;F;65;M;04/19/1921;M;10787;7550.9;;1510.18;;2696.75;62;65
456;06/27/1993;M;65;U;;F;10553;7387.1;;1477.42;;2638.25;62;65
457;02/16/1941;M;65;M;12/16/1938;F;9974;6981.8;;1396.36;;2493.5;62;65
458;10/25/1963;F;65;U;;M;9117;6381.9;;1276.38;;2279.25;62;65
459;05/15/1934;M;65;M;03/15/1932;F;1477;1033.9;;206.78;;369.25;62;65
460;09/25/1931;M;65;M;07/25/1929;F;6969;4878.3;;975.66;;1742.25;62;65
461;09/27/1922;M;65;M;07/27/1920;F;9144;6400.8;;1280.16;;2286;62;65
462;08/15/1988;M;65;U;;F;9905;6933.5;;1386.7;;2476.25;62;65
463;12/13/1951;M;65;M;10/13/1949;F;18621;13034.7;;2606.94;;4655.25;62;65
464;08/15/1965;M;65;U;;F;11666;8166.2;;1633.24;;2916.5;62;65
465;01/07/1954;F;65;U;;M;6658;4660.6;;932.12;;1664.5;62;65
466;04/08/1931;M;65;M;02/08/1929;F;7147;5002.9;;1000.58;;1786.75;62;65
467;06/08/1965;F;65;U;;M;17612;12328.4;;2465.68;;4403;62;65
468;04/13/1940;F;65;M;06/13/1942;M;18755;13128.5;;2625.7;;4688.75;62;65
469;02/23/1913;M;65;M;12/23/1910;F;8560;5992;;1198.4;;2140;62;65
470;04/13/1981;F;65;U;;M;4760;3332;;666.4;;1190;62;65
471;08/27/1960;F;65;U;;M;17729;12410.3;;2482.06;;4432.25;62;65
472;06/24/1955;F;65;U;;M;19839;13887.3;;2777.46;;4959.75;62;65
473;06/27/1963;F;65;U;;M;18035;12624.5;;2524.9;;4508.75;62;65
474;10/18/1979;M;65;U;;F;23524;16466.8;;3293.36;;5881;62;65
475;06/22/1966;M;65;U;;F;12005;8403.5;;1680.7;;3001.25;62;65
476;06/11/1982;F;65;U;;M;8775;6142.5;;1228.5;;2193.75;62;65
477;01/19/1963;F;65;U;;M;14296;10007.2;;2001.44;;3574;62;65
478;08/18/1916;M;65;M;06/18/1914;F;5580;3906;;781.2;;1395;62;65
479;02/20/1987;M;65;U;;F;11479;8035.3;;1607.06;;2869.75;62;65
480;10/21/1907;F;65;M;12/21/1909;M;16263;11384.1;;2276.82;;4065.75;62;65
481;09/05/1945;M;65;M;07/05/1943;F;10872;7610.4;;1522.08;;2718;62;65
482;06/14/1901;M;65;M;04/14/1899;F;8013;5609.1;;1121.82;;2003.25;62;65
483;10/28/1977;F;65;U;;M;8554;5987.8;;1197.56;;2138.5;62;65
484;08/04/1933;F;65;M;10/04/1935;M;2893;2025.1;;405.02;;723.25;62;65
485;03/15/1966;F;65;U;;M;21401;14980.7;;2996.14;;5350.25;62;65
486;02/21/1945;M;65;M;12/21/1942;F;24411;17087.7;;3417.54;;6102.75;62;65
487;03/01/1924;F;65;M;05/01/1926;M;3367;2356.9;;471.38;;841.75;62;65
488;01/07/1956;M;65;U;;F;17611;12327.7;;2465.54;;4402.75;62;65
489;04/22/1940;F;65;M;06/22/1942;M;24020;16814;;3362.8;;6005;62;65
490;11/06/1920;F;65;M;01/06/1923;M;4987;3490.9;;698.18;;1246.75;62;65
491;04/11/1906;M;65;M;02/11/1904;F;14549;10184.3;;2036.86;;3637.25;62;65
492;10/11/1906;M;65;M;08/11/1904;F;20033;14023.1;;2804.62;;5008.25;62;65
493;11/03/1952;F;65;M;01/03/1955;M;10986;7690.2;;1538.04;;2746.5;62;65
494;06/16/1930;M;65;M;04/16/1928;F;5363;3754.1;;750.82;;1340.75;62;65
495;12/24/1956;F;65;U;;M;18015;12610.5;;2522.1;;4503.75;62;65
496;05/05/1987;F;65;U;;M;8267;5786.9;;1157.38;;2066.75;62;65
497;05/09/1941;M;65;M;03/09/1939;F;13528;9469.6;;1893.92;;3382;62;65
498;04/25/1966;F;65;U;;M;9299;6509.3;;1301.86;;2324.75;62;65
499;11/06/1955;M;65;U;;F;21837;15285.9;;3057.18;;5459.25;62;65
500;08/23/1975;F;65;U;;M;7358;5150.6;;1030.12;;1839.5;62;65
501;06/23/1959;M;65;U;;F;14407;10084.9;;2016.98;;3601.75;62;65
502;01/03/1929;F;65;M;03/03/1931;M;21653;15157.1;;3031.42;;5413.25;62;65
503;03/27/1921;M;65;M;01/27/1919;F;2491;1743.7;;348.74;;622.75;62;65
504;03/22/1914;M;65;M;01/22/1912;F;8912;6238.4;;1247.68;;2228;62;65
505;02/12/1908;M;65;M;12/12/1905;F;17374;12161.8;;2432.36;;4343.5;62;65
506;07/25/1993;F;65;U;;M;2423;1696.1;;339.22;;605.75;62;65
507;12/24/1905;M;65;M;10/24/1903;F;18916;13241.2;;2648.24;;4729;62;65
508;03/15/1995;F;65;U;;M;24904;17432.8;;3486.56;;6226;62;65
509;10/05/1909;F;65;M;12/05/1911;M;22281;15596.7;;3119.34;;5570.25;62;65
510;08/15/1995;M;65;U;;F;11432;8002.4;;1600.48;;2858;62;65
511;07/09/1989;M;65;U;;F;13958;9770.6;;1954.12;;3489.5;62;65
512;10/27/1979;M;65;U;;F;14718;10302.6;;2060.52;;3679.5;62;65
513;06/21/1975;F;65;U;;M;21672;15170.4;;3034.08;;5418;62;65
514;03/25/1924;M;65;M;01/25/1922;F;16045;11231.5;;2246.3;;4011.25;62;65
515;04/12/1986;M;65;U;;F;7288;5101.6;;1020.32;;1822;62;65
516;06/19/1936;M;65;M;04/19/1934;F;22974;16081.8;;3216.36;;5743.5;62;65
517;04/12/1967;F;65;U;;M;10927;7648.9;;1529.78;;2731.75;62;65
518;03/08/1923;M;65;M;01/08/1921;F;4565;3195.5;;639.1;;1141.25;62;65
519;08/11/1924;F;65;M;10/11/1926;M;994;695.8;;139.16;;248.5;62;65
520;05/18/1915;F;65;M;07/18/1917;M;19427;13598.9;;2719.78;;4856.75;62;65
521;09/06/1989;F;65;U;;M;15407;10784.9;;2156.98;;3851.75;62;65
522;11/28/1964;M;65;U;;F;6961;4872.7;;974.54;;1740.25;62;65
523;02/22/1986;F;65;U;;M;19730;13811;;2762.2;;4932.5;62;65
524;04/16/1978;M;65;U;;F;20233;14163.1;;2832.62;;5058.25;62;65
525;12/22/1989;M;65;U;;F;23683;16578.1;;3315.62;;5920.75;62;65
526;11/06/1928;M;65;M;09/06/1926;F;13245;9271.5;;1854.3;;3311.25;62;65
527;07/02/1945;F;65;M;09/02/1947;M;12031;8421.7;;1684.34;;3007.75;62;65
528;09/11/1965;M;65;U;;F;12610;8827;;1765.4;;3152.5;62;65
529;07/06/1995;F;65;U;;M;22693;15885.1;;3177.02;;5673.25;62;65
530;08/02/1917;F;65;M;10/02/1919;M;22540;15778;;3155.6;;5635;62;65
531;02/14/1912;F;65;M;04/14/1914;M;23206;16244.2;;3248.84;;5801.5;62;65
532;10/19/1973;M;65;U;;F;23898;16728.6;;3345.72;;5974.5;62;65
533;01/02/1977;M;65;U;;F;1153;807.1;;161.42;;288.25;62;65
534;12/22/1970;F;65;U;;M;10810;7567;;1513.4;;2702.5;62;65
535;12/21/1923;M;65;M;10/21/1921;F;17396;12177.2;;2435.44;;4349;62;65
536;11/07/1982;M;65;U;;F;6810;4767;;953.4;;1702.5;62;65
537;09/11/1911;M;65;M;07/11/1909;F;942;659.4;;131.88;;235.5;62;65
538;09/20/1926;M;65;M;07/20/1924;F;14666;10266.2;;2053.24;;3666.5;62;65
539;01/26/1950;M;65;M;11/26/1947;F;7760;5432;;1086.4;;1940;62;65
540;05/08/1938;M;65;M;03/08/1936;F;14287;10000.9;;2000.18;;3571.75;62;65
541;05/24/1904;F;65;M;07/24/1906;M;1979;1385.3;;277.06;;494.75;62;65
542;12/10/1939;M;65;M;10/10/1937;F;13509;9456.3;;1891.26;;3377.25;62;65
543;01/02/1980;F;65;U;;M;7325;5127.5;;1025.5;;1831.25;62;65
544;01/16/1976;M;65;U;;F;18656;13059.2;;2611.84;;4664;62;65
545;08/26/1925;M;65;M;06/26/1923;F;19792;13854.4;;2770.88;;4948;62;65
546;06/20/1987;F;65;U;;M;14176;9923.2;;1984.64;;3544;62;65
547;05/25/1920;F;65;M;07/25/1922;M;11070;7749;;1549.8;;2767.5;62;65
548;11/13/1949;F;65;M;01/13/1952;M;10222;7155.4;;1431.08;;2555.5;62;65
549;11/21/1987;F;65;U;;M;20866;14606.2;;2921.24;;5216.5;62;65
550;11/02/1908;M;65;M;09/02/1906;F;19474;13631.8;;2726.36;;4868.5;62;65
551;02/08/1909;F;65;M;04/08/1911;M;20917;14641.9;;2928.38;;5229.25;62;65
552;02/22/1991;M;65;U;;F;6492;4544.4;;908.88;;1623;62;65
553;04/14/1909;F;65;M;06/14/1911;M;4658;3260.6;;652.12;;1164.5;62;65
554;02/04/1975;F;65;U;;M;14850;10395;;2079;;3712.5;62;65
555;03/17/1900;M;65;M;01/17/1898;F;19936;13955.2;;2791.04;;4984;62;65
556;04/09/1900;F;65;M;06/09/1902;M;16189;11332.3;;2266.46;;4047.25;62;65
557;10/06/1953;M;65;M;08/06/1951;F;8025;5617.5;;1123.5;;2006.25;62;65
558;03/25/1956;F;65;U;;M;9943;6960.1;;1392.02;;2485.75;62;65
559;09/13/1951;M;65;M;07/13/1949;F;4317;3021.9;;604.38;;1079.25;62;65
560;04/12/1945;F;65;M;06/12/1947;M;21850;15295;;3059;;5462.5;62;65
561;09/14/1955;M;65;U;;F;3555;2488.5;;497.7;;888.75;62;65
562;06/11/1989;F;65;U;;M;12956;9069.2;;1813.84;;3239;62;65
563;09/22/1920;M;65;M;07/22/1918;F;20726;14508.2;;2901.64;;5181.5;62;65
564;09/25/1912;M;65;M;07/25/1910;F;3510;2457;;491.4;;877.5;62;65
565;11/09/1981;F;65;U;;M;15708;10995.6;;2199.12;;3927;62;65
566;04/23/1974;F;65;U;;M;13370;9359;;1871.8;;3342.5;62;65
567;09/28/1926;M;65;M;07/28/1924;F;4046;2832.2;;566.44;;1011.5;62;65
568;04/25/1926;M;65;M;02/25/1924;F;19785;13849.5;;2769.9;;4946.25;62;65
569;03/12/1965;M;65;U;;F;5565;3895.5;;779.1;;1391.25;62;65
570;11/08/1930;M;65;M;09/08/1928;F;13029;9120.3;;1824.06;;3257.25;62;65
571;04/03/1970;M;65;U;;F;3359;2351.3;;470.26;;839.75;62;65
572;03/21/1905;F;65;M;05/21/1907;M;4470;3129;;625.8;;1117.5;62;65
573;08/24/1916;F;65;M;10/24/1918;M;6551;4585.7;;917.14;;1637.75;62;65
574;06/22/1933;M;65;M;04/22/1931;F;18043;12630.1;;2526.02;;4510.75;62;65
575;10/11/1913;F;65;M;12/11/1915;M;1887;1320.9;;264.18;;471.75;62;65
576;04/14/1995;F;65;U;;M;6577;4603.9;;920.78;;1644.25;62;65
577;07/02/1936;M;65;M;05/02/1934;F;10613;7429.1;;1485.82;;2653.25;62;65
578;03/04/1935;M;65;M;01/04/1933;F;12120;8484;;1696.8;;3030;62;65
579;04/25/1936;F;65;M;06/25/1938;M;6382;4467.4;;893.48;;1595.5;62;65
580;10/22/1900;M;65;M;08/22/1898;F;15373;10761.1;;2152.22;;3843.25;62;65
581;01/10/1911;F;65;M;03/10/1913;M;21181;14826.7;;2965.34;;5295.25;62;65
582;11/04/1922;F;65;M;01/04/1925;M;17241;12068.7;;2413.74;;4310.25;62;65
583;08/13/1966;M;65;U;;F;23758;16630.6;;3326.12;;5939.5;62;65
584;03/17/1948;M;65;M;01/17/1946;F;5251;3675.7;;735.14;;1312.75;62;65
585;07/03/1993;F;65;U;;M;21223;14856.1;;2971.22;;5305.75;62;65
586;05/15/1989;M;65;U;;F;9558;6690.6;;1338.12;;2389.5;62;65
587;09/17/1946;M;65;M;07/17/1944;F;20767;14536.9;;2907.38;;5191.75;62;65
588;09/06/1980;M;65;U;;F;7717;5401.9;;1080.38;;1929.25;62;65
589;04/08/1907;F;65;M;06/08/1909;M;4720;3304;;660.8;;1180;62;65
590;03/11/1968;M;65;U;;F;17171;12019.7;;2403.94;;4292.75;62;65
591;05/16/1959;M;65;U;;F;17435;12204.5;;2440.9;;4358.75;62;65
592;03/05/1955;M;65;U;;F;22779;15945.3;;3189.06;;5694.75;62;65
593;02/13/1933;M;65;M;12/13/1930;F;11439;8007.3;;1601.46;;2859.75;62;65
594;09/26/1921;F;65;M;11/26/1923;M;587;410.9;;82.18;;146.75;62;65
595;10/06/1955;F;65;U;;M;2198;1538.6;;307.72;;549.5;62;65
596;03/01/1942;M;65;M;01/01/1940;F;6042;4229.4;;845.88;;1510.5;62;65
597;02/26/1970;F;65;U;;M;3554;2487.8;;497.56;;888.5;62;65
598;09/25/1979;M;65;U;;F;3700;2590;;518;;925;62;65
599;07/17/1972;F;65;U;;M;17743;12420.1;;2484.02;;4435.75;62;65
600;09/23/1939;M;65;M;07/23/1937;F;11332;7932.4;;1586.48;;2833;62;65
601;08/01/1941;F;65;M;10/01/1943;M;4618;3232.6;;646.52;;1154.5;62;65
602;12/14/1980;F;65;U;;M;8409;5886.3;;1177.26;;2102.25;62;65
603;12/17/1973;F;65;U;;M;15513;10859.1;;2171.82;;3878.25;62;65
604;05/06/1930;F;65;M;07/06/1932;M;3944;2760.8;;552.16;;986;62;65
605;06/01/1922;M;65;M;04/01/1920;F;4643;3250.1;;650.02;;1160.75;62;65
606;11/27/1954;F;65;U;;M;5918;4142.6;;828.52;;1479.5;62;65
607;09/10/1974;M;65;U;;F;8439;5907.3;;1181.46;;2109.75;62;65
608;10/16/1945;F;65;M;12/16/1947;M;11149;7804.3;;1560.86;;2787.25;62;65
609;09/17/1952;F;65;M;11/17/1954;M;22917;16041.9;;3208.38;;5729.25;62;65
610;10/20/1900;M;65;M;08/20/1898;F;9412;6588.4;;1317.68;;2353;62;65
611;04/20/1991;M;65;U;;F;20349;14244.3;;2848.86;;5087.25;62;65
612;04/13/1982;M;65;U;;F;13642;9549.4;;1909.88;;3410.5;62;65
613;08/09/1932;M;65;M;06/09/1930;F;18900;13230;;2646;;4725;62;65
614;04/03/1977;M;65;U;;F;3024;2116.8;;423.36;;756;62;65
615;02/20/1943;M;65;M;12/20/1940;F;12031;8421.7;;1684.34;;3007.75;62;65
616;09/24/1963;M;65;U;;F;15464;10824.8;;2164.96;;3866;62;65
617;08/07/1907;F;65;M;10/07/1909;M;6502;4551.4;;910.28;;1625.5;62;65
618;09/21/1951;F;65;M;11/21/1953;M;11073;7751.1;;1550.22;;2768.25;62;65
619;01/01/1922;F;65;M;03/01/1924;M;2403;1682.1;;336.42;;600.75;62;65
620;11/09/1907;M;65;M;09/09/1905;F;17776;12443.2;;2488.64;;4444;62;65
621;03/26/1960;F;65;U;;M;8008;5605.6;;1121.12;;2002;62;65
622;10/10/1948;F;65;M;12/10/1950;M;4093;2865.1;;573.02;;1023.25;62;65
623;11/15/1973;M;65;U;;F;16930;11851;;2370.2;;4232.5;62;65
624;12/25/1914;F;65;M;02/25/1917;M;3329;2330.3;;466.06;;832.25;62;65
625;06/14/1970;F;65;U;;M;15477;10833.9;;2166.78;;3869.25;62;65
626;07/21/1900;M;65;M;05/21/1898;F;10338;7236.6;;1447.32;;2584.5;62;65
627;11/19/1933;F;65;M;01/19/1936;M;18000;12600;;2520;;4500;62;65
628;09/21/1907;M;65;M;07/21/1905;F;4646;3252.2;;650.44;;1161.5;62;65
629;06/08/1902;M;65;M;04/08/1900;F;3879;2715.3;;543.06;;969.75;62;65
630;11/11/1934;M;65;M;09/11/1932;F;9754;6827.8;;1365.56;;2438.5;62;65
631;08/23/1977;M;65;U;;F;7316;5121.2;;1024.24;;1829;62;65
632;01/11/1933;M;65;M;11/11/1930;F;11959;8371.3;;1674.26;;2989.75;62;65
633;06/23/1951;F;65;M;08/23/1953;M;19086;13360.2;;2672.04;;4771.5;62;65
634;10/19/1969;F;65;U;;M;17533;12273.1;;2454.62;;4383.25;62;65
635;10/12/1957;M;65;U;;F;15127;10588.9;;2117.78;;3781.75;62;65
636;10/12/1968;M;65;U;;F;19040;13328;;2665.6;;4760;62;65
637;11/15/1918;M;65;M;09/15/1916;F;3990;2793;;558.6;;997.5;62;65
638;08/14/1948;M;65;M;06/14/1946;F;18906;13234.2;;2646.84;;4726.5;62;65
639;04/04/1908;F;65;M;06/04/1910;M;8045;5631.5;;1126.3;;2011.25;62;65
640;02/14/1974;M;65;U;;F;10586;7410.2;;1482.04;;2646.5;62;65
641;03/01/1945;M;65;M;01/01/1943;F;10911;7637.7;;1527.54;;2727.75;62;65
642;04/24/1924;F;65;M;06/24/1926;M;19930;13951;;2790.2;;4982.5;62;65
643;08/15/1900;F;65;M;10/15/1902;M;6119;4283.3;;856.66;;1529.75;62;65
644;06/28/1942;F;65;M;08/28/1944;M;22540;15778;;3155.6;;5635;62;65
645;07/28/1970;M;65;U;;F;10734;7513.8;;1502.76;;2683.5;62;65
646;09/04/1908;F;65;M;11/04/1910;M;20445;14311.5;;2862.3;;5111.25;62;65
647;09/05/1986;M;65;U;;F;7825;5477.5;;1095.5;;1956.25;62;65
648;03/22/1903;F;65;M;05/22/1905;M;23087;16160.9;;3232.18;;5771.75;62;65
649;03/03/1912;F;65;M;05/03/1914;M;7123;4986.1;;997.22;;1780.75;62;65
650;07/18/1921;F;65;M;09/18/1923;M;23403;16382.1;;3276.42;;5850.75;62;65
651;08/28/1951;F;65;M;10/28/1953;M;11446;8012.2;;1602.44;;2861.5;62;65
652;02/22/1918;M;65;M;12/22/1915;F;8060;5642;;1128.4;;2015;62;65
653;01/14/1928;M;65;M;11/14/1925;F;10144;7100.8;;1420.16;;2536;62;65
654;10/12/1985;F;65;U;;M;6579;4605.3;;921.06;;1644.75;62;65
655;04/10/1977;M;65;U;;F;10744;7520.8;;1504.16;;2686;62;65
656;04/24/1908;F;65;M;06/24/1910;M;4173;2921.1;;584.22;;1043.25;62;65
657;12/23/1953;M;65;M;10/23/1951;F;11228;7859.6;;1571.92;;2807;62;65
658;12/27/1995;M;65;U;;F;1466;1026.2;;205.24;;366.5;62;65
659;05/08/1945;M;65;M;03/08/1943;F;6301;4410.7;;882.14;;1575.25;62;65
660;06/06/1948;F;65;M;08/06/1950;M;17978;12584.6;;2516.92;;4494.5;62;65
661;03/10/1928;M;65;M;01/10/1926;F;2752;1926.4;;385.28;;688;62;65
662;04/02/1939;M;65;M;02/02/1937;F;11611;8127.7;;1625.54;;2902.75;62;65
663;05/07/1985;M;65;U;;F;3538;2476.6;;495.32;;884.5;62;65
664;06/23/1918;F;65;M;08/23/1920;M;17486;12240.2;;2448.04;;4371.5;62;65
665;07/02/1909;M;65;M;05/02/1907;F;21759;15231.3;;3046.26;;5439.75;62;65
666;06/21/1990;M;65;U;;F;2972;2080.4;;416.08;;743;62;65
667;03/15/1981;M;65;U;;F;11580;8106;;1621.2;;2895;62;65
668;08/25/1966;M;65;U;;F;7467;5226.9;;1045.38;;1866.75;62;65
669;06/01/1980;M;65;U;;F;9956;6969.2;;1393.84;;2489;62;65
670;07/13/1980;F;65;U;;M;9733;6813.1;;1362.62;;2433.25;62;65
671;03/02/1939;M;65;M;01/02/1937;F;17566;12296.2;;2459.24;;4391.5;62;65
672;05/26/1984;M;65;U;;F;8545;5981.5;;1196.3;;2136.25;62;65
673;08/16/1942;M;65;M;06/16/1940;F;12978;9084.6;;1816.92;;3244.5;62;65
674;03/21/1937;F;65;M;05/21/1939;M;16269;11388.3;;2277.66;;4067.25;62;65
675;03/01/1954;M;65;U;;F;11488;8041.6;;1608.32;;2872;62;65
676;08/06/1995;F;65;U;;M;19215;13450.5;;2690.1;;4803.75;62;65
677;04/27/1923;M;65;M;02/27/1921;F;11077;7753.9;;1550.78;;2769.25;62;65
678;05/21/1941;F;65;M;07/21/1943;M;16420;11494;;2298.8;;4105;62;65
679;08/19/1947;F;65;M;10/19/1949;M;8230;5761;;1152.2;;2057.5;62;65
680;09/27/1967;F;65;U;;M;20132;14092.4;;2818.48;;5033;62;65
681;08/15/1990;M;65;U;;F;4815;3370.5;;674.1;;1203.75;62;65
682;01/19/1952;F;65;M;03/19/1954;M;14769;10338.3;;2067.66;;3692.25;62;65
683;03/28/1981;F;65;U;;M;1815;1270.5;;254.1;;453.75;62;65
684;03/02/1954;M;65;U;;F;20154;14107.8;;2821.56;;5038.5;62;65
685;01/17/1944;M;65;M;11/17/1941;F;9453;6617.1;;1323.42;;2363.25;62;65
686;08/21/1907;F;65;M;10/21/1909;M;13076;9153.2;;1830.64;;3269;62;65
687;12/23/1922;M;65;M;10/23/1920;F;23381;16366.7;;3273.34;;5845.25;62;65
688;12/16/1918;F;65;M;02/16/1921;M;11920;8344;;1668.8;;2980;62;65
689;01/03/1972;M;65;U;;F;1153;807.1;;161.42;;288.25;62;65
690;07/24/1947;M;65;M;05/24/1945;F;11636;8145.2;;1629.04;;2909;62;65
691;12/25/1923;F;65;M;02/25/1926;M;13517;9461.9;;1892.38;;3379.25;62;65
692;12/25/1946;M;65;M;10/25/1944;F;19797;13857.9;;2771.58;;4949.25;62;65
693;11/19/1906;F;65;M;01/19/1909;M;20923;14646.1;;2929.22;;5230.75;62;65
694;12/01/1961;F;65;U;;M;2820;1974;;394.8;;705;62;65
695;04/18/1910;F;65;M;06/18/1912;M;13352;9346.4;;1869.28;;3338;62;65
696;04/04/1948;M;65;M;02/04/1946;F;5688;3981.6;;796.32;;1422;62;65
697;09/27/1985;F;65;U;;M;9587;6710.9;;1342.18;;2396.75;62;65
698;01/23/1936;M;65;M;11/23/1933;F;20039;14027.3;;2805.46;;5009.75;62;65
699;03/13/1903;F;65;M;05/13/1905;M;15406;10784.2;;2156.84;;3851.5;62;65
700;02/08/1995;F;65;U;;M;17055;11938.5;;2387.7;;4263.75;62;65
701;08/27/1923;F;65;M;10/27/1925;M;16811;11767.7;;2353.54;;4202.75;62;65
702;10/27/1922;F;65;M;12/27/1924;M;17608;12325.6;;2465.12;;4402;62;65
703;09/02/1939;M;65;M;07/02/1937;F;6348;4443.6;;888.72;;1587;62;65
704;02/15/1974;M;65;U;;F;5517;3861.9;;772.38;;1379.25;62;65
705;07/14/1936;F;65;M;09/14/1938;M;9483;6638.1;;1327.62;;2370.75;62;65
706;09/08/1952;F;65;M;11/08/1954;M;19928;13949.6;;2789.92;;4982;62;65
707;09/28/1940;M;65;M;07/28/1938;F;8073;5651.1;;1130.22;;2018.25;62;65
708;11/15/1975;F;65;U;;M;23708;16595.6;;3319.12;;5927;62;65
709;06/07/1922;M;65;M;04/07/1920;F;8680;6076;;1215.2;;2170;62;65
710;07/07/1964;M;65;U;;F;12031;8421.7;;1684.34;;3007.75;62;65
711;11/06/1927;M;65;M;09/06/1925;F;7147;5002.9;;1000.58;;1786.75;62;65
712;06/12/1971;F;65;U;;M;2762;1933.4;;386.68;;690.5;62;65
713;02/15/1946;F;65;M;04/15/1948;M;17656;12359.2;;2471.84;;4414;62;65
714;05/03/1954;M;65;U;;F;4859;3401.3;;680.26;;1214.75;62;65
715;01/18/1914;F;65;M;03/18/1916;M;10576;7403.2;;1480.64;;2644;62;65
716;10/14/1989;F;65;U;;M;5418;3792.6;;758.52;;1354.5;62;65
717;03/24/1947;M;65;M;01/24/1945;F;11293;7905.1;;1581.02;;2823.25;62;65
718;11/20/1973;F;65;U;;M;9280;6496;;1299.2;;2320;62;65
719;03/03/1930;F;65;M;05/03/1932;M;13727;9608.9;;1921.78;;3431.75;62;65
720;10/22/1948;F;65;M;12/22/1950;M;13461;9422.7;;1884.54;;3365.25;62;65
721;04/11/1948;F;65;M;06/11/1950;M;15559;10891.3;;2178.26;;3889.75;62;65
722;12/02/1934;F;65;M;02/02/1937;M;15090;10563;;2112.6;;3772.5;62;65
723;02/22/1972;F;65;U;;M;4487;3140.9;;628.18;;1121.75;62;65
724;01/26/1900;F;65;M;03/26/1902;M;24544;17180.8;;3436.16;;6136;62;65
725;09/05/1907;F;65;M;11/05/1909;M;10166;7116.2;;1423.24;;2541.5;62;65
726;04/02/1968;F;65;U;;M;8447;5912.9;;1182.58;;2111.75;62;65
727;09/05/1912;F;65;M;11/05/1914;M;20771;14539.7;;2907.94;;5192.75;62;65
728;07/17/1976;M;65;U;;F;5767;4036.9;;807.38;;1441.75;62;65
729;04/01/1965;M;65;U;;F;15120;10584;;2116.8;;3780;62;65
730;07/03/1959;M;65;U;;F;8311;5817.7;;1163.54;;2077.75;62;65
731;05/17/1909;F;65;M;07/17/1911;M;9939;6957.3;;1391.46;;2484.75;62;65
732;06/17/1965;M;65;U;;F;18384;12868.8;;2573.76;;4596;62;65
733;05/19/1944;F;65;M;07/19/1946;M;12652;8856.4;;1771.28;;3163;62;65
734;06/01/1979;F;65;U;;M;16071;11249.7;;2249.94;;4017.75;62;65
735;03/10/1979;M;65;U;;F;16871;11809.7;;2361.94;;4217.75;62;65
736;09/24/1969;M;65;U;;F;11198;7838.6;;1567.72;;2799.5;62;65
737;12/15/1908;F;65;M;02/15/1911;M;21214;14849.8;;2969.96;;5303.5;62;65
738;04/24/1982;M;65;U;;F;2207;1544.9;;308.98;;551.75;62;65
739;02/28/1931;M;65;M;12/28/1928;F;2409;1686.3;;337.26;;602.25;62;65
740;06/28/1981;F;65;U;;M;13669;9568.3;;1913.66;;3417.25;62;65
741;09/09/1949;M;65;M;07/09/1947;F;6145;4301.5;;860.3;;1536.25;62;65
742;09/23/1980;M;65;U;;F;18215;12750.5;;2550.1;;4553.75;62;65
743;08/28/1957;F;65;U;;M;6903;4832.1;;966.42;;1725.75;62;65
744;08/07/1941;M;65;M;06/07/1939;F;3531;2471.7;;494.34;;882.75;62;65
745;02/08/1963;F;65;U;;M;7507;5254.9;;1050.98;;1876.75;62;65
746;04/23/1961;M;65;U;;F;15547;10882.9;;2176.58;;3886.75;62;65
747;06/15/1994;M;65;U;;F;6634;4643.8;;928.76;;1658.5;62;65
748;11/10/1929;F;65;M;01/10/1932;M;15280;10696;;2139.2;;3820;62;65
749;12/06/1921;M;65;M;10/06/1919;F;7884;5518.8;;1103.76;;1971;62;65
750;04/21/1907;M;65;M;02/21/1905;F;22922;16045.4;;3209.08;;5730.5;62;65
751;09/05/1920;M;65;M;07/05/1918;F;4917;3441.9;;688.38;;1229.25;62;65
752;09/20/1988;F;65;U;;M;1754;1227.8;;245.56;;438.5;62;65
753;10/23/1976;M;65;U;;F;1475;1032.5;;206.5;;368.75;62;65
754;04/02/1935;M;65;M;02/02/1933;F;19605;13723.5;;2744.7;;4901.25;62;65
755;12/08/1944;M;65;M;10/08/1942;F;3486;2440.2;;488.04;;871.5;62;65
756;09/28/1949;F;65;M;11/28/1951;M;10049;7034.3;;1406.86;;2512.25;62;65
757;03/28/1981;F;65;U;;M;14597;10217.9;;2043.58;;3649.25;62;65
758;04/21/1956;M;65;U;;F;21159;14811.3;;2962.26;;5289.75;62;65
759;05/22/1921;F;65;M;07/22/1923;M;24241;16968.7;;3393.74;;6060.25;62;65
760;12/26/1968;M;65;U;;F;12609;8826.3;;1765.26;;3152.25;62;65
761;06/28/1979;F;65;U;;M;9675;6772.5;;1354.5;;2418.75;62;65
762;08/03/1990;F;65;U;;M;13557;9489.9;;1897.98;;3389.25;62;65
763;01/28/1970;F;65;U;;M;11446;8012.2;;1602.44;;2861.5;62;65
764;04/02/1953;F;65;M;06/02/1955;M;23242;16269.4;;3253.88;;5810.5;62;65
765;08/09/1981;M;65;U;;F;14760;10332;;2066.4;;3690;62;65
766;11/12/1932;F;65;M;01/12/1935;M;10801;7560.7;;1512.14;;2700.25;62;65
767;03/27/1939;F;65;M;05/27/1941;M;16199;11339.3;;2267.86;;4049.75;62;65
768;12/15/1969;M;65;U;;F;12851;8995.7;;1799.14;;3212.75;62;65
769;11/08/1972;M;65;U;;F;13736;9615.2;;1923.04;;3434;62;65
770;05/01/1964;M;65;U;;F;8276;5793.2;;1158.64;;2069;62;65
771;09/16/1967;F;65;U;;M;15701;10990.7;;2198.14;;3925.25;62;65
772;03/02/1959;F;65;U;;M;6112;4278.4;;855.68;;1528;62;65
773;08/19/1965;M;65;U;;F;24471;17129.7;;3425.94;;6117.75;62;65
774;05/21/1921;M;65;M;03/21/1919;F;17879;12515.3;;2503.06;;4469.75;62;65
775;01/08/1918;F;65;M;03/08/1920;M;5669;3968.3;;793.66;;1417.25;62;65
776;05/09/1916;F;65;M;07/09/1918;M;8607;6024.9;;1204.98;;2151.75;62;65
777;10/18/1906;F;65;M;12/18/1908;M;10436;7305.2;;1461.04;;2609;62;65
778;11/13/1976;F;65;U;;M;7738;5416.6;;1083.32;;1934.5;62;65
779;10/28/1924;M;65;M;08/28/1922;F;24088;16861.6;;3372.32;;6022;62;65
780;11/25/1981;F;65;U;;M;11518;8062.6;;1612.52;;2879.5;62;65
781;07/09/1979;M;65;U;;F;6752;4726.4;;945.28;;1688;62;65
782;01/11/1951;M;65;M;11/11/1948;F;23538;16476.6;;3295.32;;5884.5;62;65
783;09/07/1912;F;65;M;11/07/1914;M;10478;7334.6;;1466.92;;2619.5;62;65
784;06/28/1980;F;65;U;;M;10983;7688.1;;1537.62;;2745.75;62;65
785;07/28/1905;F;65;M;09/28/1907;M;9438;6606.6;;1321.32;;2359.5;62;65
786;04/18/1925;M;65;M;02/18/1923;F;7140;4998;;999.6;;1785;62;65
787;11/20/1917;M;65;M;09/20/1915;F;7959;5571.3;;1114.26;;1989.75;62;65
788;09/22/1977;F;65;U;;M;5541;3878.7;;775.74;;1385.25;62;65
789;03/18/1909;M;65;M;01/18/1907;F;2340;1638;;327.6;;585;62;65
790;03/05/1931;M;65;M;01/05/1929;F;20915;14640.5;;2928.1;;5228.75;62;65
791;04/22/1991;M;65;U;;F;7107;4974.9;;994.98;;1776.75;62;65
792;04/01/1964;F;65;U;;M;2357;1649.9;;329.98;;589.25;62;65
793;12/20/1905;F;65;M;02/20/1908;M;20162;14113.4;;2822.68;;5040.5;62;65
794;11/07/1916;M;65;M;09/07/1914;F;6126;4288.2;;857.64;;1531.5;62;65
795;08/09/1931;F;65;M;10/09/1933;M;16545;11581.5;;2316.3;;4136.25;62;65
796;04/21/1955;M;65;U;;F;14869;10408.3;;2081.66;;3717.25;62;65
797;03/22/1990;F;65;U;;M;16368;11457.6;;2291.52;;4092;62;65
798;04/07/1944;M;65;M;02/07/1942;F;15148;10603.6;;2120.72;;3787;62;65
799;06/28/1993;F;65;U;;M;6926;4848.2;;969.64;;1731.5;62;65
800;11/10/1915;F;65;M;01/10/1918;M;22706;15894.2;;3178.84;;5676.5;62;65
801;01/11/1930;F;65;M;03/11/1932;M;12334;8633.8;;1726.76;;3083.5;62;65
802;01/26/1972;F;65;U;;M;22503;15752.1;;3150.42;;5625.75;62;65
803;08/28/1903;F;65;M;10/28/1905;M;3345;2341.5;;468.3;;836.25;62;65
804;03/15/1912;M;65;M;01/15/1910;F;8836;6185.2;;1237.04;;2209;62;65
805;08/23/1907;F;65;M;10/23/1909;M;8740;6118;;1223.6;;2185;62;65
806;02/03/1955;F;65;U;;M;24753;17327.1;;3465.42;;6188.25;62;65
807;02/25/1908;F;65;M;04/25/1910;M;4587;3210.9;;642.18;;1146.75;62;65
808;09/21/1902;M;65;M;07/21/1900;F;23307;16314.9;;3262.98;;5826.75;62;65
809;10/28/1947;F;65;M;12/28/1949;M;8258;5780.6;;1156.12;;2064.5;62;65
810;11/22/1917;F;65;M;01/22/1920;M;13479;9435.3;;1887.06;;3369.75;62;65
811;07/25/1967;F;65;U;;M;10097;7067.9;;1413.58;;2524.25;62;65
812;02/16/1990;M;65;U;;F;18696;13087.2;;2617.44;;4674;62;65
813;07/08/1954;M;65;U;;F;1590;1113;;222.6;;397.5;62;65
814;10/06/1926;F;65;M;12/06/1928;M;9059;6341.3;;1268.26;;2264.75;62;65
815;06/07/1985;F;65;U;;M;15423;10796.1;;2159.22;;3855.75;62;65
816;04/05/1980;F;65;U;;M;24021;16814.7;;3362.94;;6005.25;62;65
817;03/26/1939;M;65;M;01/26/1937;F;14601;10220.7;;2044.14;;3650.25;62;65
818;09/22/1949;M;65;M;07/22/1947;F;24146;16902.2;;3380.44;;6036.5;62;65
819;02/05/1962;F;65;U;;M;5081;3556.7;;711.34;;1270.25;62;65
820;06/21/1978;F;65;U;;M;12920;9044;;1808.8;;3230;62;65
821;10/14/1967;M;65;U;;F;14631;10241.7;;2048.34;;3657.75;62;65
822;03/24/1945;F;65;M;05/24/1947;M;20134;14093.8;;2818.76;;5033.5;62;65
823;07/05/1912;F;65;M;09/05/1914;M;16660;11662;;2332.4;;4165;62;65
824;01/11/1908;M;65;M;11/11/1905;F;19127;13388.9;;2677.78;;4781.75;62;65
825;04/06/1903;F;65;M;06/06/1905;M;21066;14746.2;;2949.24;;5266.5;62;65
826;10/07/1993;M;65;U;;F;23167;16216.9;;3243.38;;5791.75;62;65
827;02/05/1941;M;65;M;12/05/1938;F;6409;4486.3;;897.26;;1602.25;62;65
828;05/16/1929;M;65;M;03/16/1927;F;18579;13005.3;;2601.06;;4644.75;62;65
829;08/08/1989;M;65;U;;F;23013;16109.1;;3221.82;;5753.25;62;65
830;09/04/1946;M;65;M;07/04/1944;F;14348;10043.6;;2008.72;;3587;62;65
831;11/17/1925;F;65;M;01/17/1928;M;21109;14776.3;;2955.26;;5277.25;62;65
832;02/04/1990;F;65;U;;M;20316;14221.2;;2844.24;;5079;62;65
833;08/20/1985;F;65;U;;M;1183;828.1;;165.62;;295.75;62;65
834;02/09/1929;F;65;M;04/09/1931;M;10968;7677.6;;1535.52;;2742;62;65
835;01/09/1905;F;65;M;03/09/1907;M;8383;5868.1;;1173.62;;2095.75;62;65
836;12/15/1940;M;65;M;10/15/1938;F;5922;4145.4;;829.08;;1480.5;62;65
837;04/08/1911;F;65;M;06/08/1913;M;6223;4356.1;;871.22;;1555.75;62;65
838;07/20/1923;F;65;M;09/20/1925;M;11394;7975.8;;1595.16;;2848.5;62;65
839;09/05/1917;F;65;M;11/05/1919;M;13108;9175.6;;1835.12;;3277;62;65
840;12/23/1950;F;65;M;02/23/1953;M;4523;3166.1;;633.22;;1130.75;62;65
841;11/21/1935;M;65;M;09/21/1933;F;13465;9425.5;;1885.1;;3366.25;62;65
842;11/11/1988;M;65;U;;F;22741;15918.7;;3183.74;;5685.25;62;65
843;12/10/1982;M;65;U;;F;12539;8777.3;;1755.46;;3134.75;62;65
844;02/06/1942;M;65;M;12/06/1939;F;2726;1908.2;;381.64;;681.5;62;65
845;04/20/1904;M;65;M;02/20/1902;F;14915;10440.5;;2088.1;;3728.75;62;65
846;03/16/1927;M;65;M;01/16/1925;F;6127;4288.9;;857.78;;1531.75;62;65
847;10/10/1989;F;65;U;;M;15689;10982.3;;2196.46;;3922.25;62;65
848;05/14/1916;M;65;M;03/14/1914;F;12886;9020.2;;1804.04;;3221.5;62;65
849;07/07/1965;M;65;U;;F;1375;962.5;;192.5;;343.75;62;65
850;02/05/1972;M;65;U;;F;7063;4944.1;;988.82;;1765.75;62;65
851;09/11/1946;M;65;M;07/11/1944;F;21165;14815.5;;2963.1;;5291.25;62;65
852;05/03/1980;M;65;U;;F;8441;5908.7;;1181.74;;2110.25;62;65
853;02/08/1902;M;65;M;12/08/1899;F;1865;1305.5;;261.1;;466.25;62;65
854;07/20/1928;F;65;M;09/20/1930;M;7154;5007.8;;1001.56;;1788.5;62;65
855;10/20/1983;F;65;U;;M;735;514.5;;102.9;;183.75;62;65
856;09/28/1928;M;65;M;07/28/1926;F;24938;17456.6;;3491.32;;6234.5;62;65
857;06/11/1976;F;65;U;;M;20975;14682.5;;2936.5;;5243.75;62;65
858;11/09/1961;M;65;U;;F;9026;6318.2;;1263.64;;2256.5;62;65
859;06/25/1911;F;65;M;08/25/1913;M;13793;9655.1;;1931.02;;3448.25;62;65
860;06/06/1957;F;65;U;;M;20256;14179.2;;2835.84;;5064;62;65
861;02/21/1913;F;65;M;04/21/1915;M;18129;12690.3;;2538.06;;4532.25;62;65
862;01/17/1922;F;65;M;03/17/1924;M;12661;8862.7;;1772.54;;3165.25;62;65
863;01/08/1926;M;65;M;11/08/1923;F;5992;4194.4;;838.88;;1498;62;65
864;12/19/1970;F;65;U;;M;5875;4112.5;;822.5;;1468.75;62;65
865;12/13/1925;F;65;M;02/13/1928;M;21513;15059.1;;3011.82;;5378.25;62;65
866;03/14/1920;F;65;M;05/14/1922;M;21448;15013.6;;3002.72;;5362;62;65
867;10/20/1943;F;65;M;12/20/1945;M;18474;12931.8;;2586.36;;4618.5;62;65
868;05/10/1906;M;65;M;03/10/1904;F;21919;15343.3;;3068.66;;5479.75;62;65
869;08/24/1967;F;65;U;;M;23499;16449.3;;3289.86;;5874.75;62;65
870;09/02/1920;F;65;M;11/02/1922;M;4493;3145.1;;629.02;;1123.25;62;65
871;05/14/1976;M;65;U;;F;19330;13531;;2706.2;;4832.5;62;65
872;04/12/1961;F;65;U;;M;17529;12270.3;;2454.06;;4382.25;62;65
873;12/16/1928;F;65;M;02/16/1931;M;9307;6514.9;;1302.98;;2326.75;62;65
874;02/26/1900;F;65;M;04/26/1902;M;20220;14154;;2830.8;;5055;62;65
875;07/17/1990;F;65;U;;M;2828;1979.6;;395.92;;707;62;65
876;08/06/1917;F;65;M;10/06/1919;M;24442;17109.4;;3421.88;;6110.5;62;65
877;06/13/1989;M;65;U;;F;11956;8369.2;;1673.84;;2989;62;65
878;11/23/1920;F;65;M;01/23/1923;M;14894;10425.8;;2085.16;;3723.5;62;65
879;07/22/1927;F;65;M;09/22/1929;M;16011;11207.7;;2241.54;;4002.75;62;65
880;01/12/1907;M;65;M;11/12/1904;F;7321;5124.7;;1024.94;;1830.25;62;65
881;11/04/1978;F;65;U;;M;13138;9196.6;;1839.32;;3284.5;62;65
882;04/09/1914;F;65;M;06/09/1916;M;16556;11589.2;;2317.84;;4139;62;65
883;08/16/1976;F;65;U;;M;5238;3666.6;;733.32;;1309.5;62;65
884;01/26/1970;M;65;U;;F;10240;7168;;1433.6;;2560;62;65
885;06/14/1943;F;65;M;08/14/1945;M;14932;10452.4;;2090.48;;3733;62;65
886;05/25/1974;M;65;U;;F;22254;15577.8;;3115.56;;5563.5;62;65
887;04/21/1933;F;65;M;06/21/1935;M;3994;2795.8;;559.16;;998.5;62;65
888;10/25/1952;F;65;M;12/25/1954;M;17260;12082;;2416.4;;4315;62;65
889;02/25/1981;M;65;U;;F;23623;16536.1;;3307.22;;5905.75;62;65
890;04/24/1925;M;65;M;02/24/1923;F;6133;4293.1;;858.62;;1533.25;62;65
891;11/13/1984;M;65;U;;F;863;604.1;;120.82;;215.75;62;65
892;07/08/1986;M;65;U;;F;23623;16536.1;;3307.22;;5905.75;62;65
893;11/06/1947;M;65;M;09/06/1945;F;1417;991.9;;198.38;;354.25;62;65
894;04/04/1904;F;65;M;06/04/1906;M;4670;3269;;653.8;;1167.5;62;65
895;08/07/1918;F;65;M;10/07/1920;M;10917;7641.9;;1528.38;;2729.25;62;65
896;06/24/1918;M;65;M;04/24/1916;F;16527;11568.9;;2313.78;;4131.75;62;65
897;04/25/1941;F;65;M;06/25/1943;M;2186;1530.2;;306.04;;546.5;62;65
898;11/21/1985;F;65;U;;M;20804;14562.8;;2912.56;;5201;62;65
899;08/06/1993;M;65;U;;F;4069;2848.3;;569.66;;1017.25;62;65
900;12/05/1932;M;65;M;10/05/1930;F;22948;16063.6;;3212.72;;5737;62;65
901;09/02/1978;M;65;U;;F;23758;16630.6;;3326.12;;5939.5;62;65
902;05/23/1963;M;65;U;;F;23968;16777.6;;3355.52;;5992;62;65
903;01/17/1958;M;65;U;;F;24602;17221.4;;3444.28;;6150.5;62;65
904;04/08/1952;F;65;M;06/08/1954;M;5864;4104.8;;820.96;;1466;62;65
905;01/17/1995;F;65;U;;M;23045;16131.5;;3226.3;;5761.25;62;65
906;06/19/1905;M;65;M;04/19/1903;F;24135;16894.5;;3378.9;;6033.75;62;65
907;02/13/1959;F;65;U;;M;12233;8563.1;;1712.62;;3058.25;62;65
908;09/15/1927;F;65;M;11/15/1929;M;10624;7436.8;;1487.36;;2656;62;65
909;02/25/1940;M;65;M;12/25/1937;F;8984;6288.8;;1257.76;;2246;62;65
910;07/28/1984;M;65;U;;F;18185;12729.5;;2545.9;;4546.25;62;65
911;06/05/1902;M;65;M;04/05/1900;F;17789;12452.3;;2490.46;;4447.25;62;65
912;08/06/1933;F;65;M;10/06/1935;M;23915;16740.5;;3348.1;;5978.75;62;65
913;04/07/1992;F;65;U;;M;17887;12520.9;;2504.18;;4471.75;62;65
914;08/02/1938;F;65;M;10/02/1940;M;18161;12712.7;;2542.54;;4540.25;62;65
915;11/05/1914;M;65;M;09/05/1912;F;23987;16790.9;;3358.18;;5996.75;62;65
916;07/18/1978;M;65;U;;F;13689;9582.3;;1916.46;;3422.25;62;65
917;01/10/1967;F;65;U;;M;1769;1238.3;;247.66;;442.25;62;65
918;10/12/1983;F;65;U;;M;13001;9100.7;;1820.14;;3250.25;62;65
919;03/03/1965;F;65;U;;M;5150;3605;;721;;1287.5;62;65
920;12/06/1935;M;65;M;10/06/1933;F;24497;17147.9;;3429.58;;6124.25;62;65
921;01/05/1914;M;65;M;11/05/1911;F;13543;9480.1;;1896.02;;3385.75;62;65
922;11/23/1910;F;65;M;01/23/1913;M;21919;15343.3;;3068.66;;5479.75;62;65
923;01/25/1968;F;65;U;;M;11205;7843.5;;1568.7;;2801.25;62;65
924;12/14/1995;F;65;U;;M;1463;1024.1;;204.82;;365.75;62;65
925;04/03/1985;F;65;U;;M;14566;10196.2;;2039.24;;3641.5;62;65
926;11/19/1900;F;65;M;01/19/1903;M;9300;6510;;1302;;2325;62;65
927;10/18/1927;M;65;M;08/18/1925;F;21740;15218;;3043.6;;5435;62;65
928;05/25/1919;F;65;M;07/25/1921;M;1018;712.6;;142.52;;254.5;62;65
929;11/07/1918;M;65;M;09/07/1916;F;11022;7715.4;;1543.08;;2755.5;62;65
930;04/07/1947;F;65;M;06/07/1949;M;21477;15033.9;;3006.78;;5369.25;62;65
931;01/14/1970;F;65;U;;M;9683;6778.1;;1355.62;;2420.75;62;65
932;10/10/1983;F;65;U;;M;20853;14597.1;;2919.42;;5213.25;62;65
933;10/28/1921;M;65;M;08/28/1919;F;23952;16766.4;;3353.28;;5988;62;65
934;07/24/1981;F;65;U;;M;24241;16968.7;;3393.74;;6060.25;62;65
935;02/14/1955;F;65;U;;M;5523;3866.1;;773.22;;1380.75;62;65
936;03/04/1968;M;65;U;;F;21384;14968.8;;2993.76;;5346;62;65
937;07/04/1924;M;65;M;05/04/1922;F;6102;4271.4;;854.28;;1525.5;62;65
938;05/05/1939;M;65;M;03/05/1937;F;6772;4740.4;;948.08;;1693;62;65
939;06/09/1950;F;65;M;08/09/1952;M;19999;13999.3;;2799.86;;4999.75;62;65
940;07/07/1987;M;65;U;;F;1128;789.6;;157.92;;282;62;65
941;04/08/1977;F;65;U;;M;24962;17473.4;;3494.68;;6240.5;62;65
942;01/27/1919;F;65;M;03/27/1921;M;19648;13753.6;;2750.72;;4912;62;65
943;02/17/1967;M;65;U;;F;5851;4095.7;;819.14;;1462.75;62;65
944;05/22/1940;F;65;M;07/22/1942;M;7328;5129.6;;1025.92;;1832;62;65
945;02/11/1946;F;65;M;04/11/1948;M;8968;6277.6;;1255.52;;2242;62;65
946;05/14/1976;M;65;U;;F;7154;5007.8;;1001.56;;1788.5;62;65
947;07/18/1952;M;65;M;05/18/1950;F;5729;4010.3;;802.06;;1432.25;62;65
948;07/10/1923;F;65;M;09/10/1925;M;14733;10313.1;;2062.62;;3683.25;62;65
949;03/15/1929;F;65;M;05/15/1931;M;16401;11480.7;;2296.14;;4100.25;62;65
950;02/23/1924;M;65;M;12/23/1921;F;20754;14527.8;;2905.56;;5188.5;62;65
951;05/27/1937;M;65;M;03/27/1935;F;6304;4412.8;;882.56;;1576;62;65
952;07/17/1930;M;65;M;05/17/1928;F;10668;7467.6;;1493.52;;2667;62;65
953;06/25/1937;F;65;M;08/25/1939;M;8880;6216;;1243.2;;2220;62;65
954;05/11/1964;M;65;U;;F;22762;15933.4;;3186.68;;5690.5;62;65
955;02/26/1966;F;65;U;;M;12577;8803.9;;1760.78;;3144.25;62;65
956;01/28/1992;M;65;U;;F;15696;10987.2;;2197.44;;3924;62;65
957;01/22/1936;F;65;M;03/22/1938;M;8166;5716.2;;1143.24;;2041.5;62;65
958;06/24/1911;M;65;M;04/24/1909;F;21243;14870.1;;2974.02;;5310.75;62;65
959;11/20/1921;M;65;M;09/20/1919;F;16429;11500.3;;2300.06;;4107.25;62;65
960;01/22/1929;F;65;M;03/22/1931;M;7672;5370.4;;1074.08;;1918;62;65
961;12/01/1923;M;65;M;10/01/1921;F;2104;1472.8;;294.56;;526;62;65
962;08/28/1949;M;65;M;06/28/1947;F;18492;12944.4;;2588.88;;4623;62;65
963;06/24/1972;F;65;U;;M;711;497.7;;99.54;;177.75;62;65
964;11/15/1929;F;65;M;01/15/1932;M;18189;12732.3;;2546.46;;4547.25;62;65
965;04/06/1932;F;65;M;06/06/1934;M;18514;12959.8;;2591.96;;4628.5;62;65
966;11/16/1959;M;65;U;;F;9775;6842.5;;1368.5;;2443.75;62;65
967;04/14/1948;M;65;M;02/14/1946;F;17136;11995.2;;2399.04;;4284;62;65
968;04/16/1944;M;65;M;02/16/1942;F;22442;15709.4;;3141.88;;5610.5;62;65
969;06/28/1993;F;65;U;;M;18990;13293;;2658.6;;4747.5;62;65
970;08/25/1971;F;65;U;;M;23218;16252.6;;3250.52;;5804.5;62;65
971;01/07/1964;F;65;U;;M;1715;1200.5;;240.1;;428.75;62;65
972;05/23/1930;M;65;M;03/23/1928;F;4089;2862.3;;572.46;;1022.25;62;65
973;05/02/1963;F;65;U;;M;7738;5416.6;;1083.32;;1934.5;62;65
974;03/17/1919;M;65;M;01/17/1917;F;10042;7029.4;;1405.88;;2510.5;62;65
975;04/28/1972;M;65;U;;F;11835;8284.5;;1656.9;;2958.75;62;65
976;03/12/1972;F;65;U;;M;22097;15467.9;;3093.58;;5524.25;62;65
977;02/26/1948;F;65;M;04/26/1950;M;16884;11818.8;;2363.76;;4221;62;65
978;05/01/1993;M;65;U;;F;13253;9277.1;;1855.42;;3313.25;62;65
979;05/11/1938;M;65;M;03/11/1936;F;19572;13700.4;;2740.08;;4893;62;65
980;09/26/1959;F;65;U;;M;7431;5201.7;;1040.34;;1857.75;62;65
981;08/08/1924;M;65;M;06/08/1922;F;2565;1795.5;;359.1;;641.25;62;65
982;07/04/1943;F;65;M;09/04/1945;M;7406;5184.2;;1036.84;;1851.5;62;65
983;09/11/1931;F;65;M;11/11/1933;M;3332;2332.4;;466.48;;833;62;65
984;02/04/1951;M;65;M;12/04/1948;F;20119;14083.3;;2816.66;;5029.75;62;65
985;06/28/1952;F;65;M;08/28/1954;M;3963;2774.1;;554.82;;990.75;62;65
986;10/26/1972;F;65;U;;M;22237;15565.9;;3113.18;;5559.25;62;65
987;08/03/1920;F;65;M;10/03/1922;M;16797;11757.9;;2351.58;;4199.25;62;65
988;10/10/1954;F;65;U;;M;11815;8270.5;;1654.1;;2953.75;62;65
989;05/20/1943;M;65;M;03/20/1941;F;4439;3107.3;;621.46;;1109.75;62;65
990;10/06/1983;M;65;U;;F;12216;8551.2;;1710.24;;3054;62;65
991;04/13/1978;M;65;U;;F;9025;6317.5;;1263.5;;2256.25;62;65
992;03/20/1909;M;65;M;01/20/1907;F;15649;10954.3;;2190.86;;3912.25;62;65
993;03/22/1939;M;65;M;01/22/1937;F;23510;16457;;3291.4;;5877.5;62;65
994;04/16/1957;M;65;U;;F;17939;12557.3;;2511.46;;4484.75;62;65
995;06/22/1931;M;65;M;04/22/1929;F;15883;11118.1;;2223.62;;3970.75;62;65
996;10/01/1951;F;65;M;12/01/1953;M;24536;17175.2;;3435.04;;6134;62;65
997;11/11/1965;M;65;U;;F;16447;11512.9;;2302.58;;4111.75;62;65
998;01/10/1950;M;65;M;11/10/1947;F;20208;14145.6;;2829.12;;5052;62;65
999;01/08/1926;F;65;M;03/08/1928;M;16773;11741.1;;2348.22;;4193.25;62;65
1000;02/19/1934;F;65;M;04/19/1936;M;11467;8026.9;;1605.38;;2866.75;62;65
